{
  "model": {
    "type": "minecraft:select",
    "property": "minecraft:display_context",
    "cases": [
      {
        "when": [
          "fixed",
          "ground",
          "gui"
        ],
        "model": {
          "type": "minecraft:model",
          "model": "minecraft:item/flint_and_steel"
        }
      }
    ],
    "fallback": {
      "type": "minecraft:condition",
      "property": "minecraft:keybind_down",
      "keybind": "key.use",
      "on_true": {
        "type": "minecraft:model",
        "model": "item/flint_and_steel_hand_use"
      },
      "on_false": {
        "type": "minecraft:model",
        "model": "item/flint_and_steel_hand"
      }
    }
  }
}