{
	"format_version": "1.21.6",
	"credit": "Made with Blockbench",
	"texture_size": [32, 32],
	"textures": {
		"2": "item/allay_spawn_egg_hand",
		"particle": "item/allay_spawn_egg_hand"
	},
	"elements": [
		{
			"name": "egg",
			"from": [5, 0, 5],
			"to": [11, 7, 11],
			"rotation": {"angle": 0, "axis": "y", "origin": [5, 0, 5]},
			"faces": {
				"north": {"uv": [0, 0, 3, 3.5], "texture": "#2"},
				"east": {"uv": [3, 0, 6, 3.5], "texture": "#2"},
				"south": {"uv": [3, 0, 6, 3.5], "texture": "#2"},
				"west": {"uv": [3, 0, 6, 3.5], "texture": "#2"},
				"up": {"uv": [3, 6.5, 0, 3.5], "texture": "#2"},
				"down": {"uv": [6, 3.5, 3, 6.5], "texture": "#2"}
			}
		},
		{
			"name": "wing",
			"from": [1.1, 4, 9.4],
			"to": [6.1, 10, 9.4],
			"rotation": {"angle": 45, "axis": "y", "origin": [3.6, 7, 9.4]},
			"faces": {
				"north": {"uv": [6, 0, 8.5, 3], "texture": "#2"},
				"east": {"uv": [0, 0, 0, 3], "texture": "#2"},
				"south": {"uv": [8.5, 0, 6, 3], "texture": "#2"},
				"west": {"uv": [0, 0, 0, 3], "texture": "#2"},
				"up": {"uv": [2.5, 0, 0, 0], "texture": "#2"},
				"down": {"uv": [2.5, 0, 0, 0], "texture": "#2"}
			}
		},
		{
			"name": "wing",
			"from": [9.9, 4, 9.4],
			"to": [14.9, 10, 9.4],
			"rotation": {"angle": -45, "axis": "y", "origin": [12.4, 7, 9.4]},
			"faces": {
				"north": {"uv": [8.5, 0, 6, 3], "texture": "#2"},
				"east": {"uv": [0, 0, 0, 3], "texture": "#2"},
				"south": {"uv": [6, 0, 8.5, 3], "texture": "#2"},
				"west": {"uv": [0, 0, 0, 3], "texture": "#2"},
				"up": {"uv": [0, 0, 2.5, 0], "texture": "#2"},
				"down": {"uv": [0, 0, 2.5, 0], "texture": "#2"}
			}
		}
	],
	"display": {
		"thirdperson_righthand": {
			"rotation": [0, 90, 0],
			"translation": [0, 4.95, 1.5],
			"scale": [0.62, 0.62, 0.62]
		},
		"thirdperson_lefthand": {
			"rotation": [0, 90, 0],
			"translation": [0, 4.95, 1.5],
			"scale": [0.62, 0.62, 0.62]
		},
		"firstperson_righthand": {
			"rotation": [0.73, 114, -0.13],
			"translation": [-3.5, 6.75, 5],
			"scale": [0.31, 0.35, 0.31]
		},
		"firstperson_lefthand": {
			"rotation": [0.73, 114, -0.13],
			"translation": [-3.5, 6.75, 5],
			"scale": [0.31, 0.35, 0.31]
		}
	}
}