{
	"format_version": "1.21.6",
	"credit": "Made with Blockbench",
	"textures": {
		"3": "item/bone_hand"
	},
	"elements": [
		{
			"from": [6.5, 3, 6.5],
			"to": [9.5, 11, 9.5],
			"rotation": {"angle": 0, "axis": "y", "origin": [6.5, 2, 6.5]},
			"faces": {
				"north": {"uv": [0, 0, 3, 8], "texture": "#3"},
				"east": {"uv": [3, 0, 6, 8], "texture": "#3"},
				"south": {"uv": [0, 0, 3, 8], "texture": "#3"},
				"west": {"uv": [3, 0, 6, 8], "texture": "#3"},
				"up": {"uv": [13, 9, 10, 6], "texture": "#3"},
				"down": {"uv": [12, 10, 9, 13], "texture": "#3"}
			}
		},
		{
			"from": [6, 11, 5.5],
			"to": [10, 14, 10.5],
			"rotation": {"angle": 0, "axis": "y", "origin": [7, 11, 6.5]},
			"faces": {
				"north": {"uv": [5, 10, 9, 13], "texture": "#3"},
				"east": {"uv": [0, 8, 5, 11], "texture": "#3"},
				"south": {"uv": [5, 10, 9, 13], "texture": "#3"},
				"west": {"uv": [0, 8, 5, 11], "texture": "#3"},
				"up": {"uv": [6, 5, 10, 10], "texture": "#3"},
				"down": {"uv": [6, 0, 10, 5], "texture": "#3"}
			}
		},
		{
			"from": [6, 0, 5.5],
			"to": [10, 3, 10.5],
			"rotation": {"angle": 0, "axis": "y", "origin": [7, 0, 6.5]},
			"faces": {
				"north": {"uv": [5, 13, 9, 10], "texture": "#3"},
				"east": {"uv": [0, 11, 5, 8], "texture": "#3"},
				"south": {"uv": [5, 13, 9, 10], "texture": "#3"},
				"west": {"uv": [0, 11, 5, 8], "texture": "#3"},
				"up": {"uv": [10, 5, 6, 0], "texture": "#3"},
				"down": {"uv": [10, 5, 6, 10], "texture": "#3"}
			}
		},
		{
			"from": [6.425, 11.55, 6.425],
			"to": [9.575, 13.65, 9.575],
			"rotation": {"angle": 0, "axis": "y", "origin": [7.475, 11.55, 6.425]},
			"faces": {
				"north": {"uv": [10, 0, 11, 2], "texture": "#3"},
				"east": {"uv": [10, 0, 13, 2], "texture": "#3"},
				"south": {"uv": [10, 0, 11, 2], "texture": "#3"},
				"west": {"uv": [10, 0, 13, 2], "texture": "#3"},
				"up": {"uv": [10, 2, 13, 5], "texture": "#3"},
				"down": {"uv": [10, 2, 13, 5], "texture": "#3"}
			}
		},
		{
			"from": [6.425, 0.35, 6.425],
			"to": [9.575, 2.45, 9.575],
			"rotation": {"angle": 0, "axis": "y", "origin": [7.475, 0.35, 6.425]},
			"faces": {
				"north": {"uv": [10, 0, 11, 2], "texture": "#3"},
				"east": {"uv": [10, 0, 13, 2], "texture": "#3"},
				"south": {"uv": [10, 0, 11, 2], "texture": "#3"},
				"west": {"uv": [10, 0, 13, 2], "texture": "#3"},
				"up": {"uv": [10, 2, 13, 5], "texture": "#3"},
				"down": {"uv": [10, 2, 13, 5], "texture": "#3"}
			}
		},
		{
			"name": "cube_outline",
			"from": [10, 14, 10.5],
			"to": [6, 11, 5.5],
			"rotation": {"angle": 0, "axis": "y", "origin": [7, 11, 6.5]},
			"faces": {
				"north": {"uv": [5, 10, 9, 13], "rotation": 180, "texture": "#3"},
				"east": {"uv": [0, 8, 5, 11], "rotation": 180, "texture": "#3"},
				"south": {"uv": [5, 10, 9, 13], "rotation": 180, "texture": "#3"},
				"west": {"uv": [0, 8, 5, 11], "rotation": 180, "texture": "#3"},
				"up": {"uv": [6, 0, 10, 5], "rotation": 180, "texture": "#3"},
				"down": {"uv": [6, 5, 10, 10], "rotation": 180, "texture": "#3"}
			}
		},
		{
			"name": "cube_outline",
			"from": [10, 3, 10.5],
			"to": [6, 0, 5.5],
			"rotation": {"angle": 0, "axis": "y", "origin": [7, 0, 6.5]},
			"faces": {
				"north": {"uv": [5, 13, 9, 10], "rotation": 180, "texture": "#3"},
				"east": {"uv": [0, 11, 5, 8], "rotation": 180, "texture": "#3"},
				"south": {"uv": [5, 13, 9, 10], "rotation": 180, "texture": "#3"},
				"west": {"uv": [0, 11, 5, 8], "rotation": 180, "texture": "#3"},
				"up": {"uv": [10, 5, 6, 10], "rotation": 180, "texture": "#3"},
				"down": {"uv": [10, 5, 6, 0], "rotation": 180, "texture": "#3"}
			}
		}
	],
	"display": {
		"thirdperson_righthand": {
			"translation": [0, 1.25, 1.5],
			"scale": [0.61, 0.61, 0.61]
		},
		"thirdperson_lefthand": {
			"translation": [0, 1.25, 1.5],
			"scale": [0.61, 0.61, 0.61]
		},
		"firstperson_righthand": {
			"rotation": [0.73, 34, -0.13],
			"translation": [-2.25, 4.25, 4.25],
			"scale": [0.37, 0.45, 0.37]
		},
		"firstperson_lefthand": {
			"rotation": [0.73, 34, -0.13],
			"translation": [-2.25, 4.25, 4.25],
			"scale": [0.37, 0.45, 0.37]
		}
	}
}