{
	"format_version": "1.21.6",
	"credit": "Made with Blockbench",
	"textures": {
		"1": "item/cave_spider_spawn_egg_hand"
	},
	"elements": [
		{
			"name": "egg",
			"from": [5, 0, 5],
			"to": [11, 7, 11],
			"rotation": {"angle": 0, "axis": "y", "origin": [5, 0, 5]},
			"faces": {
				"north": {"uv": [0, 0.5, 3, 4], "texture": "#1"},
				"east": {"uv": [3, 0.5, 6, 4], "texture": "#1"},
				"south": {"uv": [6, 2, 9, 5.5], "texture": "#1"},
				"west": {"uv": [6, 0.5, 3, 4], "texture": "#1"},
				"up": {"uv": [3, 7, 0, 4], "texture": "#1"},
				"down": {"uv": [6, 4, 3, 7], "texture": "#1"}
			}
		},
		{
			"from": [11.92712, -0.78562, 6.425],
			"to": [13.07712, 1.76438, 7.575],
			"rotation": {"angle": 25, "axis": "z", "origin": [11.92712, -1.43562, 5.275]},
			"faces": {
				"north": {"uv": [6, 0.5, 6.5, 2], "texture": "#1"},
				"east": {"uv": [6, 0.5, 6.5, 2], "texture": "#1"},
				"south": {"uv": [6, 0.5, 6.5, 2], "texture": "#1"},
				"west": {"uv": [6, 0.5, 6.5, 2], "texture": "#1"},
				"up": {"uv": [6.5, 1, 6, 0.5], "texture": "#1"},
				"down": {"uv": [6.5, 1.5, 6, 2], "texture": "#1"}
			}
		},
		{
			"from": [11.92712, -0.78562, 10.225],
			"to": [13.07712, 1.76438, 11.375],
			"rotation": {"angle": 25, "axis": "z", "origin": [11.92712, -1.43562, 9.075]},
			"faces": {
				"north": {"uv": [6, 0.5, 6.5, 2], "texture": "#1"},
				"east": {"uv": [6, 0.5, 6.5, 2], "texture": "#1"},
				"south": {"uv": [6, 0.5, 6.5, 2], "texture": "#1"},
				"west": {"uv": [6, 0.5, 6.5, 2], "texture": "#1"},
				"up": {"uv": [6.5, 1, 6, 0.5], "texture": "#1"},
				"down": {"uv": [6.5, 1.5, 6, 2], "texture": "#1"}
			}
		},
		{
			"from": [11.92712, -0.78562, 4.625],
			"to": [13.07712, 1.76438, 5.775],
			"rotation": {"angle": 25, "axis": "z", "origin": [11.92712, -1.43562, 3.475]},
			"faces": {
				"north": {"uv": [6, 0.5, 6.5, 2], "texture": "#1"},
				"east": {"uv": [6, 0.5, 6.5, 2], "texture": "#1"},
				"south": {"uv": [6, 0.5, 6.5, 2], "texture": "#1"},
				"west": {"uv": [6, 0.5, 6.5, 2], "texture": "#1"},
				"up": {"uv": [6.5, 1, 6, 0.5], "texture": "#1"},
				"down": {"uv": [6.5, 1.5, 6, 2], "texture": "#1"}
			}
		},
		{
			"from": [2.92288, -0.78562, 10.225],
			"to": [4.07288, 1.76438, 11.375],
			"rotation": {"angle": -25, "axis": "z", "origin": [4.07288, -1.43562, 9.075]},
			"faces": {
				"north": {"uv": [6.5, 0.5, 6, 2], "texture": "#1"},
				"east": {"uv": [6.5, 0.5, 6, 2], "texture": "#1"},
				"south": {"uv": [6.5, 0.5, 6, 2], "texture": "#1"},
				"west": {"uv": [6.5, 0.5, 6, 2], "texture": "#1"},
				"up": {"uv": [6, 1, 6.5, 0.5], "texture": "#1"},
				"down": {"uv": [6, 1.5, 6.5, 2], "texture": "#1"}
			}
		},
		{
			"from": [2.92288, -0.78562, 8.425],
			"to": [4.07288, 1.76438, 9.575],
			"rotation": {"angle": -25, "axis": "z", "origin": [4.07288, -1.43562, 7.275]},
			"faces": {
				"north": {"uv": [6.5, 0.5, 6, 2], "texture": "#1"},
				"east": {"uv": [6.5, 0.5, 6, 2], "texture": "#1"},
				"south": {"uv": [6.5, 0.5, 6, 2], "texture": "#1"},
				"west": {"uv": [6.5, 0.5, 6, 2], "texture": "#1"},
				"up": {"uv": [6, 1, 6.5, 0.5], "texture": "#1"},
				"down": {"uv": [6, 1.5, 6.5, 2], "texture": "#1"}
			}
		},
		{
			"from": [2.92288, -0.78562, 6.425],
			"to": [4.07288, 1.76438, 7.575],
			"rotation": {"angle": -25, "axis": "z", "origin": [4.07288, -1.43562, 5.275]},
			"faces": {
				"north": {"uv": [6.5, 0.5, 6, 2], "texture": "#1"},
				"east": {"uv": [6.5, 0.5, 6, 2], "texture": "#1"},
				"south": {"uv": [6.5, 0.5, 6, 2], "texture": "#1"},
				"west": {"uv": [6.5, 0.5, 6, 2], "texture": "#1"},
				"up": {"uv": [6, 1, 6.5, 0.5], "texture": "#1"},
				"down": {"uv": [6, 1.5, 6.5, 2], "texture": "#1"}
			}
		},
		{
			"from": [2.92288, -0.78562, 4.625],
			"to": [4.07288, 1.76438, 5.775],
			"rotation": {"angle": -25, "axis": "z", "origin": [4.07288, -1.43562, 3.475]},
			"faces": {
				"north": {"uv": [6.5, 0.5, 6, 2], "texture": "#1"},
				"east": {"uv": [6.5, 0.5, 6, 2], "texture": "#1"},
				"south": {"uv": [6.5, 0.5, 6, 2], "texture": "#1"},
				"west": {"uv": [6.5, 0.5, 6, 2], "texture": "#1"},
				"up": {"uv": [6, 1, 6.5, 0.5], "texture": "#1"},
				"down": {"uv": [6, 1.5, 6.5, 2], "texture": "#1"}
			}
		},
		{
			"from": [11.92712, -0.78562, 8.425],
			"to": [13.07712, 1.76438, 9.575],
			"rotation": {"angle": 25, "axis": "z", "origin": [11.92712, -1.43562, 7.275]},
			"faces": {
				"north": {"uv": [6, 0.5, 6.5, 2], "texture": "#1"},
				"east": {"uv": [6, 0.5, 6.5, 2], "texture": "#1"},
				"south": {"uv": [6, 0.5, 6.5, 2], "texture": "#1"},
				"west": {"uv": [6, 0.5, 6.5, 2], "texture": "#1"},
				"up": {"uv": [6.5, 1, 6, 0.5], "texture": "#1"},
				"down": {"uv": [6.5, 1.5, 6, 2], "texture": "#1"}
			}
		}
	],
	"display": {
		"thirdperson_righthand": {
			"rotation": [0, 90, 0],
			"translation": [0, 4.95, 1.5],
			"scale": [0.62, 0.62, 0.62]
		},
		"thirdperson_lefthand": {
			"rotation": [0, 90, 0],
			"translation": [0, 4.95, 1.5],
			"scale": [0.62, 0.62, 0.62]
		},
		"firstperson_righthand": {
			"rotation": [0.73, 114, -0.13],
			"translation": [-3.5, 6.75, 5],
			"scale": [0.31, 0.35, 0.31]
		},
		"firstperson_lefthand": {
			"rotation": [0.73, 114, -0.13],
			"translation": [-3.5, 6.75, 5],
			"scale": [0.31, 0.35, 0.31]
		}
	},
	"groups": [
		0,
		{
			"name": "legs",
			"origin": [11.82712, -1.23562, 5.275],
			"color": 0,
			"children": [1, 2, 3, 4, 5, 6, 7, 8]
		}
	]
}