{
	"format_version": "1.21.6",
	"credit": "Made with Blockbench",
	"texture_size": [32, 32],
	"textures": {
		"1": "item/coal_hand"
	},
	"elements": [
		{
			"from": [6.5, 0, 4.05],
			"to": [11.5, 7, 10.05],
			"rotation": {"angle": 0, "axis": "z", "origin": [8, 2.5, 7.55]},
			"faces": {
				"north": {"uv": [0, 3.5, 2.5, 7], "texture": "#1"},
				"east": {"uv": [0, 0, 3, 3.5], "texture": "#1"},
				"south": {"uv": [2.5, 3.5, 5, 7], "texture": "#1"},
				"west": {"uv": [3, 0, 6, 3.5], "texture": "#1"},
				"up": {"uv": [7.5, 6.5, 5, 3.5], "texture": "#1"},
				"down": {"uv": [8.5, 0, 6, 3], "texture": "#1"}
			}
		},
		{
			"from": [5, 1, 6.95],
			"to": [9, 5, 10.95],
			"rotation": {"angle": 0, "axis": "z", "origin": [5, 2, 8.95]},
			"faces": {
				"north": {"uv": [5, 6.5, 7, 8.5], "texture": "#1"},
				"east": {"uv": [2, 7, 0, 9], "texture": "#1"},
				"south": {"uv": [2, 7, 4, 9], "texture": "#1"},
				"west": {"uv": [7, 6.5, 9, 8.5], "texture": "#1"},
				"up": {"uv": [9.5, 5, 7.5, 3], "texture": "#1"},
				"down": {"uv": [10.5, 0, 8.5, 2], "texture": "#1"}
			}
		}
	],
	"display": {
		"thirdperson_righthand": {
			"rotation": [0, -180, 0],
			"translation": [0.7, 4.6, 1.25],
			"scale": [0.67, 0.57, 0.67]
		},
		"thirdperson_lefthand": {
			"translation": [0.7, 4.6, 2.5],
			"scale": [0.67, 0.57, 0.67]
		},
		"firstperson_righthand": {
			"rotation": [0.73, 114, -0.13],
			"translation": [-3.25, 6.25, 4.5],
			"scale": [0.37, 0.37, 0.37]
		},
		"firstperson_lefthand": {
			"rotation": [-179.24, -22, -179.87],
			"translation": [-3.5, 6.25, 4.5],
			"scale": [0.48, 0.37, 0.31]
		}
	}
}