{
	"format_version": "1.21.6",
	"credit": "Made with Blockbench",
	"texture_size": [8, 8],
	"textures": {
		"2": "item/cod_hand",
		"3": "item/bucket_hand"
	},
	"elements": [
		{
			"name": "body",
			"from": [6.98616, 9.6386, 5.81766],
			"to": [8.94392, 13.55412, 12.66982],
			"rotation": {"angle": 39, "axis": "x", "origin": [8, 11.58344, 6.70063]},
			"faces": {
				"north": {"uv": [11, 1, 11.25, 1.5], "texture": "#2"},
				"east": {"uv": [10, 0, 11, 0.5], "texture": "#2"},
				"south": {"uv": [11.25, 0, 11.5, 0.5], "texture": "#2"},
				"west": {"uv": [10, 0.5, 11, 1], "texture": "#2"},
				"up": {"uv": [10.25, 2, 10, 1], "texture": "#2"},
				"down": {"uv": [11.25, 0, 11, 1], "texture": "#2"}
			}
		},
		{
			"name": "body",
			"from": [7.96504, 13.53989, 5.52125],
			"to": [7.96504, 14.51877, 11.39453],
			"rotation": {"angle": 39, "axis": "x", "origin": [8, 11.58344, 6.70063]},
			"faces": {
				"north": {"uv": [10, 0, 10, 0.125], "texture": "#2"},
				"east": {"uv": [11.5, 0, 12.375, 0.125], "texture": "#2"},
				"south": {"uv": [11.5, 0, 12.375, 0.125], "texture": "#2"},
				"west": {"uv": [11.5, 0, 12.375, 0.125], "texture": "#2"},
				"up": {"uv": [10, 0.875, 10, 0], "texture": "#2"},
				"down": {"uv": [10, 0, 10, 0.875], "texture": "#2"}
			}
		},
		{
			"name": "body",
			"from": [7.96504, 8.65972, 7.77542],
			"to": [7.96504, 9.6386, 9.73318],
			"rotation": {"angle": 39, "axis": "x", "origin": [8, 11.58344, 6.70063]},
			"faces": {
				"north": {"uv": [10, 0, 10, 0.125], "texture": "#2"},
				"east": {"uv": [11.5, 1.375, 11.75, 1.5], "texture": "#2"},
				"south": {"uv": [10, 0, 10, 0.125], "texture": "#2"},
				"west": {"uv": [11.5, 1.5, 11.75, 1.625], "texture": "#2"},
				"up": {"uv": [10, 0.25, 10, 0], "texture": "#2"},
				"down": {"uv": [10, 0, 10, 0.25], "texture": "#2"}
			}
		},
		{
			"name": "head",
			"from": [7.00426, 10.5974, 1.95481],
			"to": [8.94244, 13.55467, 2.9239],
			"rotation": {"angle": 39, "axis": "x", "origin": [8, 11.58344, 6.70063]},
			"faces": {
				"north": {"uv": [11.5, 0.125, 11.75, 0.5], "texture": "#2"},
				"east": {"uv": [11.25, 1.5, 11.375, 1.875], "texture": "#2"},
				"south": {"uv": [10.25, 1.5, 10.5, 1.875], "texture": "#2"},
				"west": {"uv": [11.375, 1.5, 11.5, 1.875], "texture": "#2"},
				"up": {"uv": [11.75, 1.75, 11.5, 1.625], "texture": "#2"},
				"down": {"uv": [12, 0.125, 11.75, 0.25], "texture": "#2"}
			}
		},
		{
			"name": "head",
			"from": [7.00504, 9.62753, 2.9239],
			"to": [8.94322, 13.5539, 5.83117],
			"rotation": {"angle": 39, "axis": "x", "origin": [8, 11.58344, 6.70063]},
			"faces": {
				"north": {"uv": [11.25, 0.5, 11.5, 1], "texture": "#2"},
				"east": {"uv": [10.25, 1, 10.625, 1.5], "texture": "#2"},
				"south": {"uv": [11.25, 1, 11.5, 1.5], "texture": "#2"},
				"west": {"uv": [10.625, 1, 11, 1.5], "texture": "#2"},
				"up": {"uv": [10.75, 1.875, 10.5, 1.5], "texture": "#2"},
				"down": {"uv": [11.75, 0.5, 11.5, 0.875], "texture": "#2"}
			}
		},
		{
			"name": "leftFin",
			"from": [5.02707, 10.62912, 6.57975],
			"to": [6.98483, 10.62912, 8.53751],
			"rotation": {"angle": 34, "axis": "x", "origin": [8, 11.58344, 6.70063]},
			"faces": {
				"north": {"uv": [10.875, 1.875, 11.125, 1.75], "rotation": 180, "texture": "#2"},
				"east": {"uv": [11.875, 0.75, 11.75, 1], "rotation": 90, "texture": "#2"},
				"south": {"uv": [11.75, 1, 12, 1.125], "texture": "#2"},
				"west": {"uv": [10.875, 1.75, 10.75, 2], "rotation": 270, "texture": "#2"},
				"up": {"uv": [11.75, 1.125, 11.5, 1.375], "texture": "#2"},
				"down": {"uv": [11, 1.5, 11.25, 1.75], "rotation": 90, "texture": "#2"}
			}
		},
		{
			"name": "rightFin",
			"from": [9.01517, 10.62912, 6.57975],
			"to": [10.97293, 10.62912, 8.53751],
			"rotation": {"angle": 34, "axis": "x", "origin": [8, 11.58344, 6.70063]},
			"faces": {
				"north": {"uv": [11.125, 1.875, 10.875, 1.75], "rotation": 180, "texture": "#2"},
				"east": {"uv": [10.875, 2, 10.75, 1.75], "rotation": 270, "texture": "#2"},
				"south": {"uv": [12, 1, 11.75, 1.125], "texture": "#2"},
				"west": {"uv": [11.875, 1, 11.75, 0.75], "rotation": 90, "texture": "#2"},
				"up": {"uv": [11.5, 1.125, 11.75, 1.375], "texture": "#2"},
				"down": {"uv": [11, 1.75, 11.25, 1.5], "rotation": 90, "texture": "#2"}
			}
		},
		{
			"name": "body",
			"from": [6.98616, 9.44921, 5.92789],
			"to": [8.94392, 13.36473, 12.78005],
			"rotation": {"angle": 35.5, "axis": "x", "origin": [8, 11.58344, 6.70063]},
			"faces": {
				"north": {"uv": [8.5, 1, 8.75, 1.5], "texture": "#2"},
				"east": {"uv": [7.5, 0, 8.5, 0.5], "texture": "#2"},
				"south": {"uv": [8.75, 0, 9, 0.5], "texture": "#2"},
				"west": {"uv": [7.5, 0.5, 8.5, 1], "texture": "#2"},
				"up": {"uv": [7.75, 2, 7.5, 1], "texture": "#2"},
				"down": {"uv": [8.75, 0, 8.5, 1], "texture": "#2"}
			}
		},
		{
			"name": "body",
			"from": [7.96504, 13.35051, 5.63148],
			"to": [7.96504, 14.32939, 11.50476],
			"rotation": {"angle": 35.5, "axis": "x", "origin": [8, 11.58344, 6.70063]},
			"faces": {
				"north": {"uv": [7.5, 0, 7.5, 0.125], "texture": "#2"},
				"east": {"uv": [9, 0, 9.875, 0.125], "texture": "#2"},
				"south": {"uv": [9, 0, 9.875, 0.125], "texture": "#2"},
				"west": {"uv": [9, 0, 9.875, 0.125], "texture": "#2"},
				"up": {"uv": [7.5, 0.875, 7.5, 0], "texture": "#2"},
				"down": {"uv": [7.5, 0, 7.5, 0.875], "texture": "#2"}
			}
		},
		{
			"name": "body",
			"from": [7.96504, 8.47033, 7.88565],
			"to": [7.96504, 9.44921, 9.84341],
			"rotation": {"angle": 35.5, "axis": "x", "origin": [8, 11.58344, 6.70063]},
			"faces": {
				"north": {"uv": [7.5, 0, 7.5, 0.125], "texture": "#2"},
				"east": {"uv": [9, 1.375, 9.25, 1.5], "texture": "#2"},
				"south": {"uv": [7.5, 0, 7.5, 0.125], "texture": "#2"},
				"west": {"uv": [9, 1.5, 9.25, 1.625], "texture": "#2"},
				"up": {"uv": [7.5, 0.25, 7.5, 0], "texture": "#2"},
				"down": {"uv": [7.5, 0, 7.5, 0.25], "texture": "#2"}
			}
		},
		{
			"name": "head",
			"from": [7.00426, 10.40801, 2.06504],
			"to": [8.94244, 13.34028, 3.03413],
			"rotation": {"angle": 35.5, "axis": "x", "origin": [8, 11.58344, 6.70063]},
			"faces": {
				"north": {"uv": [9, 0.125, 9.25, 0.5], "texture": "#2"},
				"east": {"uv": [8.75, 1.5, 8.875, 1.875], "texture": "#2"},
				"south": {"uv": [7.75, 1.5, 8, 1.875], "texture": "#2"},
				"west": {"uv": [8.875, 1.5, 9, 1.875], "texture": "#2"},
				"up": {"uv": [9.25, 1.75, 9, 1.625], "texture": "#2"},
				"down": {"uv": [9.5, 0.125, 9.25, 0.25], "texture": "#2"}
			}
		},
		{
			"name": "head",
			"from": [7.00504, 9.43814, 3.03413],
			"to": [8.94322, 13.33951, 5.9414],
			"rotation": {"angle": 35.5, "axis": "x", "origin": [8, 11.58344, 6.70063]},
			"faces": {
				"north": {"uv": [8.75, 0.5, 9, 1], "texture": "#2"},
				"east": {"uv": [7.75, 1, 8.125, 1.5], "texture": "#2"},
				"south": {"uv": [8.75, 1, 9, 1.5], "texture": "#2"},
				"west": {"uv": [8.125, 1, 8.5, 1.5], "texture": "#2"},
				"up": {"uv": [8.25, 1.875, 8, 1.5], "texture": "#2"},
				"down": {"uv": [9.25, 0.5, 9, 0.875], "texture": "#2"}
			}
		},
		{
			"name": "leftFin",
			"from": [5.09832, 10.43076, 6.622],
			"to": [7.05608, 10.43076, 8.57976],
			"rotation": {"angle": 27, "axis": "x", "origin": [8, 11.58344, 6.70063]},
			"faces": {
				"north": {"uv": [8.375, 1.875, 8.625, 1.75], "rotation": 180, "texture": "#2"},
				"east": {"uv": [9.375, 0.75, 9.25, 1], "rotation": 90, "texture": "#2"},
				"south": {"uv": [9.25, 1, 9.5, 1.125], "texture": "#2"},
				"west": {"uv": [8.375, 1.75, 8.25, 2], "rotation": 270, "texture": "#2"},
				"up": {"uv": [9.25, 1.125, 9, 1.375], "texture": "#2"},
				"down": {"uv": [8.75, 1.75, 8.5, 1.5], "rotation": 270, "texture": "#2"}
			}
		},
		{
			"name": "rightFin",
			"from": [8.94392, 10.43076, 6.622],
			"to": [10.90168, 10.43076, 8.57976],
			"rotation": {"angle": 27, "axis": "x", "origin": [8, 11.58344, 6.70063]},
			"faces": {
				"north": {"uv": [8.625, 1.875, 8.375, 1.75], "rotation": 180, "texture": "#2"},
				"east": {"uv": [8.375, 2, 8.25, 1.75], "rotation": 270, "texture": "#2"},
				"south": {"uv": [9.5, 1, 9.25, 1.125], "texture": "#2"},
				"west": {"uv": [9.375, 1, 9.25, 0.75], "rotation": 90, "texture": "#2"},
				"up": {"uv": [9, 1.125, 9.25, 1.375], "texture": "#2"},
				"down": {"uv": [8.75, 1.5, 8.5, 1.75], "rotation": 270, "texture": "#2"}
			}
		},
		{
			"name": "body",
			"from": [6.98616, 9.43767, 6.03197],
			"to": [8.94392, 13.35319, 12.88413],
			"rotation": {"angle": 40.5, "axis": "x", "origin": [8, 11.58344, 6.70063]},
			"faces": {
				"north": {"uv": [6, 1, 6.25, 1.5], "texture": "#2"},
				"east": {"uv": [5, 0, 6, 0.5], "texture": "#2"},
				"south": {"uv": [6.25, 0, 6.5, 0.5], "texture": "#2"},
				"west": {"uv": [5, 0.5, 6, 1], "texture": "#2"},
				"up": {"uv": [5.25, 2, 5, 1], "texture": "#2"},
				"down": {"uv": [6.25, 0, 6, 1], "texture": "#2"}
			}
		},
		{
			"name": "body",
			"from": [7.96504, 13.33896, 5.73555],
			"to": [7.96504, 14.31784, 11.60883],
			"rotation": {"angle": 40.5, "axis": "x", "origin": [8, 11.58344, 6.70063]},
			"faces": {
				"north": {"uv": [5, 0, 5, 0.125], "texture": "#2"},
				"east": {"uv": [6.5, 0, 7.375, 0.125], "texture": "#2"},
				"south": {"uv": [6.5, 0, 7.375, 0.125], "texture": "#2"},
				"west": {"uv": [6.5, 0, 7.375, 0.125], "texture": "#2"},
				"up": {"uv": [5, 0.875, 5, 0], "texture": "#2"},
				"down": {"uv": [5, 0, 5, 0.875], "texture": "#2"}
			}
		},
		{
			"name": "body",
			"from": [7.96504, 8.45879, 7.98973],
			"to": [7.96504, 9.43767, 9.94749],
			"rotation": {"angle": 40.5, "axis": "x", "origin": [8, 11.58344, 6.70063]},
			"faces": {
				"north": {"uv": [5, 0, 5, 0.125], "texture": "#2"},
				"east": {"uv": [6.5, 1.375, 6.75, 1.5], "texture": "#2"},
				"south": {"uv": [5, 0, 5, 0.125], "texture": "#2"},
				"west": {"uv": [6.5, 1.5, 6.75, 1.625], "texture": "#2"},
				"up": {"uv": [5, 0.25, 5, 0], "texture": "#2"},
				"down": {"uv": [5, 0, 5, 0.25], "texture": "#2"}
			}
		},
		{
			"name": "head",
			"from": [7.00426, 10.39363, 2.16076],
			"to": [8.94244, 13.35091, 3.12985],
			"rotation": {"angle": 40.5, "axis": "x", "origin": [8, 11.58344, 6.70063]},
			"faces": {
				"north": {"uv": [6.5, 0.125, 6.75, 0.5], "texture": "#2"},
				"east": {"uv": [6.25, 1.5, 6.375, 1.875], "texture": "#2"},
				"south": {"uv": [5.25, 1.5, 5.5, 1.875], "texture": "#2"},
				"west": {"uv": [6.375, 1.5, 6.5, 1.875], "texture": "#2"},
				"up": {"uv": [6.75, 1.75, 6.5, 1.625], "texture": "#2"},
				"down": {"uv": [7, 0.125, 6.75, 0.25], "texture": "#2"}
			}
		},
		{
			"name": "head",
			"from": [7.00504, 9.42376, 3.12985],
			"to": [8.94322, 13.35013, 6.03713],
			"rotation": {"angle": 40.5, "axis": "x", "origin": [8, 11.58344, 6.70063]},
			"faces": {
				"north": {"uv": [6.25, 0.5, 6.5, 1], "texture": "#2"},
				"east": {"uv": [5.25, 1, 5.625, 1.5], "texture": "#2"},
				"south": {"uv": [6.25, 1, 6.5, 1.5], "texture": "#2"},
				"west": {"uv": [5.625, 1, 6, 1.5], "texture": "#2"},
				"up": {"uv": [5.75, 1.875, 5.5, 1.5], "texture": "#2"},
				"down": {"uv": [6.75, 0.5, 6.5, 0.875], "texture": "#2"}
			}
		},
		{
			"name": "leftFin",
			"from": [5.09832, 10.42473, 6.6889],
			"to": [7.05608, 10.42473, 8.64666],
			"rotation": {"angle": 30, "axis": "x", "origin": [8, 11.58344, 6.70063]},
			"faces": {
				"north": {"uv": [5.875, 1.875, 6.125, 1.75], "rotation": 180, "texture": "#2"},
				"east": {"uv": [6.875, 0.75, 6.75, 1], "rotation": 90, "texture": "#2"},
				"south": {"uv": [6.75, 1, 7, 1.125], "texture": "#2"},
				"west": {"uv": [5.875, 1.75, 5.75, 2], "rotation": 270, "texture": "#2"},
				"up": {"uv": [6.75, 1.125, 6.5, 1.375], "texture": "#2"},
				"down": {"uv": [6.25, 1.75, 6, 1.5], "rotation": 270, "texture": "#2"}
			}
		},
		{
			"name": "rightFin",
			"from": [8.94392, 10.42473, 6.6889],
			"to": [10.90168, 10.42473, 8.64666],
			"rotation": {"angle": 30, "axis": "x", "origin": [8, 11.58344, 6.70063]},
			"faces": {
				"north": {"uv": [6.125, 1.875, 5.875, 1.75], "rotation": 180, "texture": "#2"},
				"east": {"uv": [5.875, 2, 5.75, 1.75], "rotation": 270, "texture": "#2"},
				"south": {"uv": [7, 1, 6.75, 1.125], "texture": "#2"},
				"west": {"uv": [6.875, 1, 6.75, 0.75], "rotation": 90, "texture": "#2"},
				"up": {"uv": [6.5, 1.125, 6.75, 1.375], "texture": "#2"},
				"down": {"uv": [6.25, 1.5, 6, 1.75], "rotation": 270, "texture": "#2"}
			}
		},
		{
			"name": "body",
			"from": [6.98616, 9.68687, 5.86286],
			"to": [8.94392, 13.60239, 12.71502],
			"rotation": {"angle": 44, "axis": "x", "origin": [8, 11.58344, 6.70063]},
			"faces": {
				"north": {"uv": [3.5, 1, 3.75, 1.5], "texture": "#2"},
				"east": {"uv": [2.5, 0, 3.5, 0.5], "texture": "#2"},
				"south": {"uv": [3.75, 0, 4, 0.5], "texture": "#2"},
				"west": {"uv": [2.5, 0.5, 3.5, 1], "texture": "#2"},
				"up": {"uv": [2.75, 2, 2.5, 1], "texture": "#2"},
				"down": {"uv": [3.75, 0, 3.5, 1], "texture": "#2"}
			}
		},
		{
			"name": "body",
			"from": [7.96504, 13.57031, 5.56584],
			"to": [7.96504, 14.54919, 11.43912],
			"rotation": {"angle": 44, "axis": "x", "origin": [8, 11.58344, 6.70063]},
			"faces": {
				"north": {"uv": [2.5, 0, 2.5, 0.125], "texture": "#2"},
				"east": {"uv": [4, 0, 4.875, 0.125], "texture": "#2"},
				"south": {"uv": [4, 0, 4.875, 0.125], "texture": "#2"},
				"west": {"uv": [4, 0, 4.875, 0.125], "texture": "#2"},
				"up": {"uv": [2.5, 0.875, 2.5, 0], "texture": "#2"},
				"down": {"uv": [2.5, 0, 2.5, 0.875], "texture": "#2"}
			}
		},
		{
			"name": "body",
			"from": [7.96504, 8.70799, 7.82062],
			"to": [7.96504, 9.68687, 9.77838],
			"rotation": {"angle": 44, "axis": "x", "origin": [8, 11.58344, 6.70063]},
			"faces": {
				"north": {"uv": [2.5, 0, 2.5, 0.125], "texture": "#2"},
				"east": {"uv": [4, 1.375, 4.25, 1.5], "texture": "#2"},
				"south": {"uv": [2.5, 0, 2.5, 0.125], "texture": "#2"},
				"west": {"uv": [4, 1.5, 4.25, 1.625], "texture": "#2"},
				"up": {"uv": [2.5, 0.25, 2.5, 0], "texture": "#2"},
				"down": {"uv": [2.5, 0, 2.5, 0.25], "texture": "#2"}
			}
		},
		{
			"name": "head",
			"from": [7.00426, 10.64319, 2.00656],
			"to": [8.94244, 13.60046, 2.97565],
			"rotation": {"angle": 44, "axis": "x", "origin": [8, 11.58344, 6.70063]},
			"faces": {
				"north": {"uv": [4, 0.125, 4.25, 0.5], "texture": "#2"},
				"east": {"uv": [3.75, 1.5, 3.875, 1.875], "texture": "#2"},
				"south": {"uv": [2.75, 1.5, 3, 1.875], "texture": "#2"},
				"west": {"uv": [3.875, 1.5, 4, 1.875], "texture": "#2"},
				"up": {"uv": [4.25, 1.75, 4, 1.625], "texture": "#2"},
				"down": {"uv": [4.5, 0.125, 4.25, 0.25], "texture": "#2"}
			}
		},
		{
			"name": "head",
			"from": [7.00504, 9.67332, 2.97565],
			"to": [8.94322, 13.59969, 5.88292],
			"rotation": {"angle": 44, "axis": "x", "origin": [8, 11.58344, 6.70063]},
			"faces": {
				"north": {"uv": [3.75, 0.5, 4, 1], "texture": "#2"},
				"east": {"uv": [2.75, 1, 3.125, 1.5], "texture": "#2"},
				"south": {"uv": [3.75, 1, 4, 1.5], "texture": "#2"},
				"west": {"uv": [3.125, 1, 3.5, 1.5], "texture": "#2"},
				"up": {"uv": [3.25, 1.875, 3, 1.5], "texture": "#2"},
				"down": {"uv": [4.25, 0.5, 4, 0.875], "texture": "#2"}
			}
		},
		{
			"name": "leftFin",
			"from": [5.09832, 10.69277, 6.63571],
			"to": [7.05608, 10.69277, 8.59347],
			"rotation": {"angle": 39, "axis": "x", "origin": [8, 11.58344, 6.70063]},
			"faces": {
				"north": {"uv": [3.375, 1.875, 3.625, 1.75], "rotation": 180, "texture": "#2"},
				"east": {"uv": [4.375, 0.75, 4.25, 1], "rotation": 90, "texture": "#2"},
				"south": {"uv": [4.25, 1, 4.5, 1.125], "texture": "#2"},
				"west": {"uv": [3.375, 1.75, 3.25, 2], "rotation": 270, "texture": "#2"},
				"up": {"uv": [4.25, 1.125, 4, 1.375], "texture": "#2"},
				"down": {"uv": [3.75, 1.75, 3.5, 1.5], "rotation": 270, "texture": "#2"}
			}
		},
		{
			"name": "rightFin",
			"from": [8.94392, 10.69277, 6.63571],
			"to": [10.90168, 10.69277, 8.59347],
			"rotation": {"angle": 39, "axis": "x", "origin": [8, 11.58344, 6.70063]},
			"faces": {
				"north": {"uv": [3.625, 1.875, 3.375, 1.75], "rotation": 180, "texture": "#2"},
				"east": {"uv": [3.25, 1.75, 3.375, 2], "rotation": 90, "texture": "#2"},
				"south": {"uv": [4.5, 1, 4.25, 1.125], "texture": "#2"},
				"west": {"uv": [4.25, 0.75, 4.375, 1], "rotation": 270, "texture": "#2"},
				"up": {"uv": [4, 1.125, 4.25, 1.375], "texture": "#2"},
				"down": {"uv": [3.75, 1.5, 3.5, 1.75], "rotation": 270, "texture": "#2"}
			}
		},
		{
			"name": "body",
			"from": [6.98616, 9.76548, 5.77761],
			"to": [8.94392, 13.681, 12.62977],
			"rotation": {"angle": 41.5, "axis": "x", "origin": [8, 11.58344, 6.70063]},
			"faces": {
				"north": {"uv": [1, 1, 1.25, 1.5], "texture": "#2"},
				"east": {"uv": [0, 0, 1, 0.5], "texture": "#2"},
				"south": {"uv": [1.25, 0, 1.5, 0.5], "texture": "#2"},
				"west": {"uv": [0, 0.5, 1, 1], "texture": "#2"},
				"up": {"uv": [0.25, 2, 0, 1], "texture": "#2"},
				"down": {"uv": [1.25, 0, 1, 1], "texture": "#2"}
			}
		},
		{
			"name": "body",
			"from": [7.96504, 13.6192, 5.47854],
			"to": [7.96504, 14.59808, 11.35182],
			"rotation": {"angle": 41.5, "axis": "x", "origin": [8, 11.58344, 6.70063]},
			"faces": {
				"north": {"uv": [0, 0, 0, 0.125], "texture": "#2"},
				"east": {"uv": [1.5, 0, 2.375, 0.125], "texture": "#2"},
				"south": {"uv": [1.5, 0, 2.375, 0.125], "texture": "#2"},
				"west": {"uv": [1.5, 0, 2.375, 0.125], "texture": "#2"},
				"up": {"uv": [0, 0.875, 0, 0], "texture": "#2"},
				"down": {"uv": [0, 0, 0, 0.875], "texture": "#2"}
			}
		},
		{
			"name": "body",
			"from": [7.96504, 8.7866, 7.73537],
			"to": [7.96504, 9.76548, 9.69313],
			"rotation": {"angle": 41.5, "axis": "x", "origin": [8, 11.58344, 6.70063]},
			"faces": {
				"north": {"uv": [0, 0, 0, 0.125], "texture": "#2"},
				"east": {"uv": [1.5, 1.375, 1.75, 1.5], "texture": "#2"},
				"south": {"uv": [0, 0, 0, 0.125], "texture": "#2"},
				"west": {"uv": [1.5, 1.5, 1.75, 1.625], "texture": "#2"},
				"up": {"uv": [0, 0.25, 0, 0], "texture": "#2"},
				"down": {"uv": [0, 0, 0, 0.25], "texture": "#2"}
			}
		},
		{
			"name": "head",
			"from": [7.00426, 10.72046, 1.92288],
			"to": [8.94244, 13.67773, 2.89197],
			"rotation": {"angle": 41.5, "axis": "x", "origin": [8, 11.58344, 6.70063]},
			"faces": {
				"north": {"uv": [1.5, 0.125, 1.75, 0.5], "texture": "#2"},
				"east": {"uv": [1.25, 1.5, 1.375, 1.875], "texture": "#2"},
				"south": {"uv": [0.25, 1.5, 0.5, 1.875], "texture": "#2"},
				"west": {"uv": [1.375, 1.5, 1.5, 1.875], "texture": "#2"},
				"up": {"uv": [1.75, 1.75, 1.5, 1.625], "texture": "#2"},
				"down": {"uv": [2, 0.125, 1.75, 0.25], "texture": "#2"}
			}
		},
		{
			"name": "head",
			"from": [7.00504, 9.75059, 2.89197],
			"to": [8.94322, 13.67695, 5.79924],
			"rotation": {"angle": 41.5, "axis": "x", "origin": [8, 11.58344, 6.70063]},
			"faces": {
				"north": {"uv": [1.25, 0.5, 1.5, 1], "texture": "#2"},
				"east": {"uv": [0.25, 1, 0.625, 1.5], "texture": "#2"},
				"south": {"uv": [1.25, 1, 1.5, 1.5], "texture": "#2"},
				"west": {"uv": [0.625, 1, 1, 1.5], "texture": "#2"},
				"up": {"uv": [0.75, 1.875, 0.5, 1.5], "texture": "#2"},
				"down": {"uv": [1.75, 0.5, 1.5, 0.875], "texture": "#2"}
			}
		},
		{
			"name": "leftFin",
			"from": [5.09832, 10.77551, 6.56283],
			"to": [7.05608, 10.77551, 8.52059],
			"rotation": {"angle": 36.5, "axis": "x", "origin": [8, 11.58344, 6.70063]},
			"faces": {
				"north": {"uv": [0.875, 1.875, 1.125, 1.75], "rotation": 180, "texture": "#2"},
				"east": {"uv": [1.875, 0.75, 1.75, 1], "rotation": 90, "texture": "#2"},
				"south": {"uv": [1.75, 1, 2, 1.125], "texture": "#2"},
				"west": {"uv": [0.875, 1.75, 0.75, 2], "rotation": 270, "texture": "#2"},
				"up": {"uv": [1.75, 1.125, 1.5, 1.375], "texture": "#2"},
				"down": {"uv": [1.25, 1.75, 1, 1.5], "rotation": 270, "texture": "#2"}
			}
		},
		{
			"name": "rightFin",
			"from": [8.94392, 10.77551, 6.56283],
			"to": [10.90168, 10.77551, 8.52059],
			"rotation": {"angle": 36.5, "axis": "x", "origin": [8, 11.58344, 6.70063]},
			"faces": {
				"north": {"uv": [1.125, 1.875, 0.875, 1.75], "rotation": 180, "texture": "#2"},
				"east": {"uv": [0.75, 1.75, 0.875, 2], "rotation": 90, "texture": "#2"},
				"south": {"uv": [2, 1, 1.75, 1.125], "texture": "#2"},
				"west": {"uv": [1.75, 0.75, 1.875, 1], "rotation": 270, "texture": "#2"},
				"up": {"uv": [1.5, 1.125, 1.75, 1.375], "texture": "#2"},
				"down": {"uv": [1.25, 1.5, 1, 1.75], "rotation": 270, "texture": "#2"}
			}
		},
		{
			"from": [4, 10, 4],
			"to": [12, 10, 12],
			"rotation": {"angle": 45, "axis": "y", "origin": [8, 5.5, 8]},
			"faces": {
				"north": {"uv": [0, 0, 8, 0], "texture": "#3"},
				"east": {"uv": [0, 0, 8, 0], "texture": "#3"},
				"south": {"uv": [0, 0, 8, 0], "texture": "#3"},
				"west": {"uv": [0, 0, 8, 0], "texture": "#3"},
				"up": {"uv": [16, 8, 12, 4], "texture": "#3"},
				"down": {"uv": [16, 4, 12, 8], "texture": "#3"}
			}
		},
		{
			"from": [3, 2, 3],
			"to": [12, 11, 4],
			"rotation": {"angle": 45, "axis": "y", "origin": [8, 5.5, 8]},
			"faces": {
				"north": {"uv": [4.5, 0, 9, 4.5], "texture": "#3"},
				"east": {"uv": [1, 9, 1.5, 13.5], "texture": "#3"},
				"south": {"uv": [0, 0, 4.5, 4.5], "texture": "#3"},
				"west": {"uv": [0, 9, 0.5, 13.5], "texture": "#3"},
				"up": {"uv": [9, 4.5, 9.5, 0], "rotation": 90, "texture": "#3"},
				"down": {"uv": [3.5, 9.5, 3, 10], "texture": "#3"}
			}
		},
		{
			"from": [3, 2, 4],
			"to": [4, 11, 13],
			"rotation": {"angle": 45, "axis": "y", "origin": [8, 5.5, 8]},
			"faces": {
				"north": {"uv": [1.5, 9, 2, 13.5], "texture": "#3"},
				"east": {"uv": [0, 0, 4.5, 4.5], "texture": "#3"},
				"south": {"uv": [0, 9, 0.5, 13.5], "texture": "#3"},
				"west": {"uv": [0, 4.5, 4.5, 9], "texture": "#3"},
				"up": {"uv": [9.5, 4.5, 9, 0], "texture": "#3"},
				"down": {"uv": [1, 9, 0.5, 13.5], "texture": "#3"}
			}
		},
		{
			"from": [4, 2, 12],
			"to": [13, 11, 13],
			"rotation": {"angle": 45, "axis": "y", "origin": [8, 5.5, 8]},
			"faces": {
				"north": {"uv": [0, 0, 4.5, 4.5], "texture": "#3"},
				"east": {"uv": [0, 9, 0.5, 13.5], "texture": "#3"},
				"south": {"uv": [0, 4.5, 4.5, 9], "texture": "#3"},
				"west": {"uv": [1.5, 9, 2, 13.5], "texture": "#3"},
				"up": {"uv": [9, 0, 9.5, 4.5], "rotation": 90, "texture": "#3"},
				"down": {"uv": [1, 9.5, 0.5, 9], "texture": "#3"}
			}
		},
		{
			"from": [12, 2, 3],
			"to": [13, 11, 12],
			"rotation": {"angle": 45, "axis": "y", "origin": [8, 5.5, 8]},
			"faces": {
				"north": {"uv": [2, 9, 2.5, 13.5], "texture": "#3"},
				"east": {"uv": [0, 4.5, 4.5, 9], "texture": "#3"},
				"south": {"uv": [2.5, 9, 3, 13.5], "texture": "#3"},
				"west": {"uv": [0, 0, 4.5, 4.5], "texture": "#3"},
				"up": {"uv": [9.5, 0, 9, 4.5], "texture": "#3"},
				"down": {"uv": [3.5, 9, 3, 13.5], "texture": "#3"}
			}
		},
		{
			"from": [4, 0, 4],
			"to": [12, 2, 12],
			"rotation": {"angle": 45, "axis": "y", "origin": [8, 5.5, 8]},
			"faces": {
				"north": {"uv": [0, 13.5, 4, 14.5], "texture": "#3"},
				"east": {"uv": [0, 13.5, 4, 14.5], "texture": "#3"},
				"south": {"uv": [0, 13.5, 4, 14.5], "texture": "#3"},
				"west": {"uv": [0, 13.5, 4, 14.5], "texture": "#3"},
				"up": {"uv": [8.5, 8.5, 4.5, 4.5], "texture": "#3"},
				"down": {"uv": [8.5, 8.5, 4.5, 12.5], "texture": "#3"}
			}
		}
	],
	"display": {
		"thirdperson_righthand": {
			"rotation": [67.41, -45, 0.61],
			"translation": [-0.05, 0.5, -1.25],
			"scale": [0.47, 0.5, 0.47]
		},
		"thirdperson_lefthand": {
			"rotation": [67.41, -45, 0.61],
			"translation": [-0.05, 0.5, -1.25],
			"scale": [0.47, 0.5, 0.47]
		},
		"firstperson_righthand": {
			"rotation": [0.63, 65.43, 0.01],
			"translation": [-2.5, 4.5, 3.75],
			"scale": [0.31, 0.38, 0.31]
		},
		"firstperson_lefthand": {
			"rotation": [-0.04, 66.42, 1.82],
			"translation": [-2.5, 4.5, 3.75],
			"scale": [0.31, 0.38, 0.31]
		}
	},
	"groups": [
		{
			"name": "5",
			"origin": [0, 0, 0],
			"color": 0,
			"children": [0, 1, 2, 3, 4, 5, 6]
		},
		{
			"name": "4",
			"origin": [0, 0, 0],
			"color": 0,
			"children": [7, 8, 9, 10, 11, 12, 13]
		},
		{
			"name": "3",
			"origin": [0, 0, 0],
			"color": 0,
			"children": [14, 15, 16, 17, 18, 19, 20]
		},
		{
			"name": "2",
			"origin": [0, 0, 0],
			"color": 0,
			"children": [21, 22, 23, 24, 25, 26, 27]
		},
		{
			"name": "1",
			"origin": [0, 0, 0],
			"color": 0,
			"children": [28, 29, 30, 31, 32, 33, 34]
		},
		35,
		{
			"name": "bucket",
			"origin": [4, 0, 4],
			"color": 0,
			"children": [36, 37, 38, 39, 40]
		}
	]
}