{
	"format_version": "1.21.6",
	"credit": "Made with Blockbench",
	"texture_size": [32, 32],
	"textures": {
		"2": "item/ender_dragon_spawn_egg_hand"
	},
	"elements": [
		{
			"name": "egg",
			"from": [5, 1, 5],
			"to": [11, 8, 11],
			"rotation": {"angle": 0, "axis": "y", "origin": [5, 1, 5]},
			"faces": {
				"north": {"uv": [0, 0, 3, 3.5], "texture": "#2"},
				"east": {"uv": [3, 0, 6, 3.5], "texture": "#2"},
				"south": {"uv": [0, 3.5, 3, 7], "texture": "#2"},
				"west": {"uv": [3, 0, 6, 3.5], "texture": "#2"},
				"up": {"uv": [6, 6.5, 3, 3.5], "texture": "#2"},
				"down": {"uv": [9, 0, 6, 3], "texture": "#2"}
			}
		},
		{
			"from": [6, 0.6, 2.3],
			"to": [10, 1.6, 5.3],
			"rotation": {"angle": -17.5, "axis": "x", "origin": [8, 1.1, 3.8]},
			"faces": {
				"north": {"uv": [3, 7.5, 5, 8], "texture": "#2"},
				"east": {"uv": [2, 8, 3.5, 8.5], "texture": "#2"},
				"south": {"uv": [0, 8, 2, 8.5], "texture": "#2"},
				"west": {"uv": [8, 3, 9.5, 3.5], "texture": "#2"},
				"up": {"uv": [8, 4.5, 6, 3], "texture": "#2"},
				"down": {"uv": [8, 4.5, 6, 6], "texture": "#2"}
			}
		},
		{
			"from": [6, 2, 2],
			"to": [10, 4, 5],
			"rotation": {"angle": 0, "axis": "x", "origin": [8, 3, 5.5]},
			"faces": {
				"north": {"uv": [6, 6, 8, 7], "texture": "#2"},
				"east": {"uv": [0, 7, 1.5, 8], "texture": "#2"},
				"south": {"uv": [3, 6.5, 5, 7.5], "texture": "#2"},
				"west": {"uv": [1.5, 7, 3, 8], "texture": "#2"},
				"up": {"uv": [8, 6, 6, 4.5], "texture": "#2"},
				"down": {"uv": [8, 3, 6, 4.5], "texture": "#2"}
			}
		},
		{
			"from": [6, 8, 7],
			"to": [7, 10, 10],
			"rotation": {"angle": 0, "axis": "y", "origin": [5, 8, 9]},
			"faces": {
				"north": {"uv": [4, 8, 4.5, 9], "texture": "#2"},
				"east": {"uv": [5, 7, 6.5, 8], "texture": "#2"},
				"south": {"uv": [4.5, 8, 5, 9], "texture": "#2"},
				"west": {"uv": [6.5, 7, 8, 8], "texture": "#2"},
				"up": {"uv": [4, 9.5, 3.5, 8], "texture": "#2"},
				"down": {"uv": [8.5, 3.5, 8, 5], "texture": "#2"}
			}
		},
		{
			"from": [9, 8, 7],
			"to": [10, 10, 10],
			"rotation": {"angle": 0, "axis": "y", "origin": [8, 8, 9]},
			"faces": {
				"north": {"uv": [4, 8, 4.5, 9], "texture": "#2"},
				"east": {"uv": [5, 7, 6.5, 8], "texture": "#2"},
				"south": {"uv": [4.5, 8, 5, 9], "texture": "#2"},
				"west": {"uv": [6.5, 7, 8, 8], "texture": "#2"},
				"up": {"uv": [4, 9.5, 3.5, 8], "texture": "#2"},
				"down": {"uv": [8.5, 3.5, 8, 5], "texture": "#2"}
			}
		},
		{
			"from": [6, 4, 2],
			"to": [7, 5, 4],
			"rotation": {"angle": 0, "axis": "y", "origin": [5, 4, 2]},
			"faces": {
				"north": {"uv": [8, 6, 8.5, 6.5], "texture": "#2"},
				"east": {"uv": [5, 6.5, 6, 7], "texture": "#2"},
				"south": {"uv": [6.5, 8, 7, 8.5], "texture": "#2"},
				"west": {"uv": [5, 8, 6, 8.5], "texture": "#2"},
				"up": {"uv": [8.5, 6, 8, 5], "texture": "#2"},
				"down": {"uv": [6.5, 8, 6, 9], "texture": "#2"}
			}
		},
		{
			"from": [9, 4, 2],
			"to": [10, 5, 4],
			"rotation": {"angle": 0, "axis": "y", "origin": [8, 4, 2]},
			"faces": {
				"north": {"uv": [8, 6, 8.5, 6.5], "texture": "#2"},
				"east": {"uv": [5, 6.5, 6, 7], "texture": "#2"},
				"south": {"uv": [6.5, 8, 7, 8.5], "texture": "#2"},
				"west": {"uv": [5, 8, 6, 8.5], "texture": "#2"},
				"up": {"uv": [8.5, 6, 8, 5], "texture": "#2"},
				"down": {"uv": [6.5, 8, 6, 9], "texture": "#2"}
			}
		}
	],
	"display": {
		"thirdperson_righthand": {
			"rotation": [0, 90, 0],
			"translation": [0, 4.95, 1.5],
			"scale": [0.62, 0.62, 0.62]
		},
		"thirdperson_lefthand": {
			"rotation": [0, 90, 0],
			"translation": [0, 4.95, 1.5],
			"scale": [0.62, 0.62, 0.62]
		},
		"firstperson_righthand": {
			"rotation": [0.73, 114, -0.13],
			"translation": [-3.5, 6.75, 5],
			"scale": [0.31, 0.35, 0.31]
		},
		"firstperson_lefthand": {
			"rotation": [0.73, 114, -0.13],
			"translation": [-3.5, 6.75, 5],
			"scale": [0.31, 0.35, 0.31]
		}
	}
}