{
	"format_version": "1.21.6",
	"credit": "Made with Blockbench",
	"texture_size": [32, 32],
	"textures": {
		"1": "item/ender_pearl_shine",
		"2": "item/ender_eye_gradient",
		"4": "item/ender_eye_hand",
		"particle": "item/ender_pearl_shine"
	},
	"elements": [
		{
			"name": "eye",
			"from": [4.5, 0, 4.5],
			"to": [11.5, 7, 11.5],
			"light_emission": 10,
			"rotation": {"angle": 0, "axis": "y", "origin": [10.5, 0, 3.5]},
			"faces": {
				"north": {"uv": [0, 0, 3.5, 3.5], "texture": "#4"},
				"east": {"uv": [0, 3.5, 3.5, 7], "texture": "#4"},
				"south": {"uv": [3.5, 0, 7, 3.5], "texture": "#4"},
				"west": {"uv": [3.5, 3.5, 7, 7], "texture": "#4"},
				"up": {"uv": [3.5, 10.5, 0, 7], "texture": "#4"},
				"down": {"uv": [10.5, 0, 7, 3.5], "texture": "#4"}
			}
		},
		{
			"from": [5.4, 4.5, 12.1],
			"to": [7.4, 6.5, 12.1],
			"light_emission": 7,
			"rotation": {"angle": 0, "axis": "y", "origin": [5.4, 4.5, 12.1]},
			"faces": {
				"north": {"uv": [0, 0, 2, 2], "texture": "#1"},
				"east": {"uv": [0, 0, 0, 2], "texture": "#1"},
				"south": {"uv": [0, 0, 2, 2], "texture": "#1"},
				"west": {"uv": [0, 0, 0, 2], "texture": "#1"},
				"up": {"uv": [2, 0, 0, 0], "texture": "#1"},
				"down": {"uv": [2, 0, 0, 0], "texture": "#1"}
			}
		},
		{
			"name": "eye_outline",
			"from": [11.81174, 7.31174, 11.81174],
			"to": [4.18826, -0.31174, 4.18826],
			"rotation": {"angle": 0, "axis": "y", "origin": [10.5755, -0.1057, 3.3641]},
			"faces": {
				"north": {"uv": [0, 16, 16, 0], "texture": "#2"},
				"east": {"uv": [0, 16, 16, 0], "texture": "#2"},
				"south": {"uv": [0, 16, 16, 0], "texture": "#2"},
				"west": {"uv": [0, 16, 16, 0], "texture": "#2"},
				"up": {"uv": [16, 15.75, 0, 16], "texture": "#2"},
				"down": {"uv": [16, 0.375, 0, 0], "texture": "#2"}
			}
		},
		{
			"name": "eye_outline",
			"from": [11.81174, 7.31174, 11.81174],
			"to": [4.18826, -0.31174, 4.18826],
			"rotation": {"angle": 0, "axis": "y", "origin": [10.5755, -0.1057, 3.3641]},
			"faces": {
				"north": {"uv": [0, 16, 16, 0], "texture": "#2"},
				"east": {"uv": [0, 16, 16, 0], "texture": "#2"},
				"south": {"uv": [0, 16, 16, 0], "texture": "#2"},
				"west": {"uv": [0, 16, 16, 0], "texture": "#2"},
				"up": {"uv": [16, 15.75, 0, 16], "texture": "#2"},
				"down": {"uv": [16, 0.375, 0, 0], "texture": "#2"}
			}
		},
		{
			"name": "eye_outline",
			"from": [11.81174, 7.31174, 11.81174],
			"to": [4.18826, -0.31174, 4.18826],
			"rotation": {"angle": 0, "axis": "y", "origin": [10.5755, -0.1057, 3.3641]},
			"faces": {
				"north": {"uv": [0, 16, 16, 0], "texture": "#2"},
				"east": {"uv": [0, 16, 16, 0], "texture": "#2"},
				"south": {"uv": [0, 16, 16, 0], "texture": "#2"},
				"west": {"uv": [0, 16, 16, 0], "texture": "#2"},
				"up": {"uv": [16, 15.75, 0, 16], "texture": "#2"},
				"down": {"uv": [16, 0.375, 0, 0], "texture": "#2"}
			}
		},
		{
			"name": "eye_outline",
			"from": [11.81174, 7.31174, 11.81174],
			"to": [4.18826, -0.31174, 4.18826],
			"rotation": {"angle": 0, "axis": "y", "origin": [10.5755, -0.1057, 3.3641]},
			"faces": {
				"north": {"uv": [0, 16, 16, 0], "texture": "#2"},
				"east": {"uv": [0, 16, 16, 0], "texture": "#2"},
				"south": {"uv": [0, 16, 16, 0], "texture": "#2"},
				"west": {"uv": [0, 16, 16, 0], "texture": "#2"},
				"up": {"uv": [16, 15.75, 0, 16], "texture": "#2"},
				"down": {"uv": [16, 0.375, 0, 0], "texture": "#2"}
			}
		},
		{
			"name": "eye_outline",
			"from": [12.12, 7.62, 12.12],
			"to": [3.88, -0.62, 3.88],
			"rotation": {"angle": 0, "axis": "y", "origin": [10.575, -0.105, 3.365]},
			"faces": {
				"north": {"uv": [4, 7.5, 5.5, 9], "rotation": 180, "texture": "#4"},
				"east": {"uv": [4, 7.5, 5.5, 9], "rotation": 180, "texture": "#4"},
				"south": {"uv": [4, 7.5, 5.5, 9], "rotation": 180, "texture": "#4"},
				"west": {"uv": [4, 7.5, 5.5, 9], "rotation": 180, "texture": "#4"},
				"up": {"uv": [5.5, 7.5, 4, 9], "rotation": 180, "texture": "#4"},
				"down": {"uv": [5.5, 9, 4, 7.5], "rotation": 180, "texture": "#4"}
			}
		}
	],
	"display": {
		"thirdperson_righthand": {
			"rotation": [0, -90, 0],
			"translation": [0, 4.25, 1.25],
			"scale": [0.51, 0.51, 0.51]
		},
		"thirdperson_lefthand": {
			"rotation": [0, -90, 0],
			"translation": [0, 4.25, 1.25],
			"scale": [0.51, 0.51, 0.51]
		},
		"firstperson_righthand": {
			"rotation": [0.73, -64, -0.13],
			"translation": [-2.75, 6, 4.25],
			"scale": [0.31, 0.34, 0.31]
		},
		"firstperson_lefthand": {
			"rotation": [0.73, -64, -0.13],
			"translation": [-2.75, 6, 4.25],
			"scale": [0.31, 0.34, 0.31]
		},
		"ground": {
			"translation": [0, 4.25, 0],
			"scale": [0.56, 0.56, 0.56]
		}
	},
	"groups": [
		0,
		1,
		{
			"name": "group",
			"origin": [10.55, -0.07, 3.41],
			"color": 0,
			"children": [2, 3, 4, 5, 6]
		}
	]
}