{
	"format_version": "1.21.6",
	"credit": "Made with Blockbench",
	"texture_size": [32, 32],
	"textures": {
		"0": "item/evoker_spawn_egg_hand",
		"particle": "item/evoker_spawn_egg_hand"
	},
	"elements": [
		{
			"name": "egg",
			"from": [5, 0, 5],
			"to": [11, 8, 11],
			"rotation": {"angle": 0, "axis": "y", "origin": [5, 0, 5]},
			"faces": {
				"north": {"uv": [0, 0, 3, 4], "texture": "#0"},
				"east": {"uv": [3, 0, 6, 4], "texture": "#0"},
				"south": {"uv": [0, 4, 3, 8], "texture": "#0"},
				"west": {"uv": [3, 4, 6, 8], "texture": "#0"},
				"up": {"uv": [9, 3, 6, 0], "texture": "#0"},
				"down": {"uv": [9, 3, 6, 6], "texture": "#0"}
			}
		},
		{
			"from": [7, 0, 3.5],
			"to": [9, 4, 5.5],
			"rotation": {"angle": 0, "axis": "y", "origin": [7, 0, 3.5]},
			"faces": {
				"north": {"uv": [6, 6, 7, 8], "texture": "#0"},
				"east": {"uv": [7, 6, 8, 8], "texture": "#0"},
				"south": {"uv": [1, 8, 2, 10], "texture": "#0"},
				"west": {"uv": [1, 8, 2, 10], "texture": "#0"},
				"up": {"uv": [3, 9, 2, 8], "texture": "#0"},
				"down": {"uv": [4, 8, 3, 9], "texture": "#0"}
			}
		},
		{
			"from": [4.9, 0.8, 4.9],
			"to": [11.1, 2.8, 11.1],
			"rotation": {"angle": 0, "axis": "y", "origin": [5, 0.8, 5]},
			"faces": {
				"north": {"uv": [9, 0, 12, 1], "texture": "#0"},
				"east": {"uv": [15, 0, 12, 1], "texture": "#0"},
				"south": {"uv": [12, 0, 15, 1], "texture": "#0"},
				"west": {"uv": [12, 0, 15, 1], "texture": "#0"},
				"up": {"uv": [13, 1, 16, 4.1], "texture": "#0"},
				"down": {"uv": [9, 1, 12, 4], "texture": "#0"}
			}
		},
		{
			"from": [9.05, 4.25, 4.9],
			"to": [12.05, 6.25, 4.9],
			"rotation": {"angle": 0, "axis": "y", "origin": [14.05, 4.25, 4.9]},
			"faces": {
				"north": {"uv": [5.5, 8.5, 4, 9.5], "texture": "#0"},
				"east": {"uv": [0, 0, 0, 1], "texture": "#0"},
				"south": {"uv": [4, 8.5, 5.5, 9.5], "texture": "#0"},
				"west": {"uv": [0, 0, 0, 1], "texture": "#0"},
				"up": {"uv": [0, 0, 0.28572, 0], "texture": "#0"},
				"down": {"uv": [0, 0, 0.28572, 0], "texture": "#0"}
			}
		},
		{
			"from": [3.95, 4.25, 4.9],
			"to": [6.95, 6.25, 4.9],
			"rotation": {"angle": 0, "axis": "y", "origin": [1.95, 4.25, 4.9]},
			"faces": {
				"north": {"uv": [4, 8.5, 5.5, 9.5], "texture": "#0"},
				"east": {"uv": [0, 0, 0, 1], "texture": "#0"},
				"south": {"uv": [5.5, 8.5, 4, 9.5], "texture": "#0"},
				"west": {"uv": [0, 0, 0, 1], "texture": "#0"},
				"up": {"uv": [0.28572, 0, 0, 0], "texture": "#0"},
				"down": {"uv": [0.28572, 0, 0, 0], "texture": "#0"}
			}
		}
	],
	"display": {
		"thirdperson_righthand": {
			"rotation": [0, 90, 0],
			"translation": [0, 4.95, 1.5],
			"scale": [0.62, 0.62, 0.62]
		},
		"thirdperson_lefthand": {
			"rotation": [0, 90, 0],
			"translation": [0, 4.95, 1.5],
			"scale": [0.62, 0.62, 0.62]
		},
		"firstperson_righthand": {
			"rotation": [0.73, 114, -0.13],
			"translation": [-3.5, 6.75, 5],
			"scale": [0.31, 0.35, 0.31]
		},
		"firstperson_lefthand": {
			"rotation": [0.73, 114, -0.13],
			"translation": [-3.5, 6.75, 5],
			"scale": [0.31, 0.35, 0.31]
		}
	}
}