{
	"format_version": "1.21.6",
	"credit": "Made with Blockbench",
	"textures": {
		"3": "item/bottle_exp",
		"4": "item/bottle_empty_hand",
		"5": "item/glow_hand",
		"particle": "item/bottle_empty_hand"
	},
	"elements": [
		{
			"from": [5.3, 1, 5.3],
			"to": [10.8, 4, 10.8],
			"light_emission": 7,
			"rotation": {"angle": 0, "axis": "y", "origin": [5.4, 1, 5.4]},
			"faces": {
				"north": {"uv": [6, 0, 12, 3], "texture": "#3"},
				"east": {"uv": [6, 3, 12, 6], "texture": "#3"},
				"south": {"uv": [6, 6, 12, 9], "texture": "#3"},
				"west": {"uv": [6, 9, 12, 12], "texture": "#3"},
				"up": {"uv": [6, 6, 0, 0], "texture": "#3"},
				"down": {"uv": [6, 6, 0, 12], "texture": "#3"}
			}
		},
		{
			"from": [4.3, 0, 4.3],
			"to": [11.7, 6.2, 11.7],
			"light_emission": 7,
			"rotation": {"angle": 0, "axis": "y", "origin": [8.5, 1.2, 7.5]},
			"faces": {
				"north": {"uv": [3.5, 0, 7, 3], "texture": "#4"},
				"east": {"uv": [3.5, 3, 7, 6], "texture": "#4"},
				"south": {"uv": [3.5, 6, 7, 9], "texture": "#4"},
				"west": {"uv": [0, 7, 3.5, 10], "texture": "#4"},
				"up": {"uv": [3.5, 3.5, 0, 0], "texture": "#4"},
				"down": {"uv": [3.5, 3.5, 0, 7], "texture": "#4"}
			}
		},
		{
			"from": [5, 8.2, 5],
			"to": [11, 10.2, 11],
			"light_emission": 7,
			"rotation": {"angle": 0, "axis": "y", "origin": [8.5, 8.2, 6.5]},
			"faces": {
				"north": {"uv": [10, 0, 13, 1], "texture": "#4"},
				"east": {"uv": [10, 1, 13, 2], "texture": "#4"},
				"south": {"uv": [10, 2, 13, 3], "texture": "#4"},
				"west": {"uv": [10, 3, 13, 4], "texture": "#4"},
				"up": {"uv": [10, 3, 7, 0], "texture": "#4"},
				"down": {"uv": [10, 3, 7, 6], "texture": "#4"}
			}
		},
		{
			"from": [6, 6.2, 6],
			"to": [10, 11.2, 10],
			"light_emission": 7,
			"rotation": {"angle": 0, "axis": "y", "origin": [7, 6.2, 7]},
			"faces": {
				"north": {"uv": [9, 6, 7, 8.5], "texture": "#4"},
				"east": {"uv": [7, 8.5, 9, 11], "texture": "#4"},
				"south": {"uv": [5.5, 9, 3.5, 11.5], "texture": "#4"},
				"west": {"uv": [9, 6, 11, 8.5], "texture": "#4"},
				"up": {"uv": [9, 10.5, 11, 8.5], "texture": "#4"},
				"down": {"uv": [2, 10, 0, 12], "texture": "#4"}
			}
		},
		{
			"name": "cube_outline",
			"from": [11.85, 6.35, 11.85],
			"to": [4.15, -0.15, 4.15],
			"rotation": {"angle": 0, "axis": "y", "origin": [8.5, 1.2, 7.5]},
			"faces": {
				"north": {"uv": [0.80769, 1.5, 1.61538, 2.25], "rotation": 180, "texture": "#5"},
				"east": {"uv": [0, 0, 2.8082, 2.75], "rotation": 180, "texture": "#5"},
				"south": {"uv": [2.81538, 0, 0.00718, 2.75], "rotation": 180, "texture": "#5"},
				"west": {"uv": [0.80769, 0.75, 1.61538, 1.5], "rotation": 180, "texture": "#5"},
				"up": {"uv": [0, 0.875, 0.85, 1], "rotation": 270, "texture": "#5"},
				"down": {"uv": [0.80769, 0.875, 0, 0], "rotation": 180, "texture": "#5"}
			}
		},
		{
			"name": "cube_outline",
			"from": [11.15, 10.35, 11.15],
			"to": [7.65, 8.05, 4.85],
			"rotation": {"angle": 0, "axis": "y", "origin": [8.5, 8.2, 6.5]},
			"faces": {
				"north": {"uv": [2.30769, 0.5, 2.69231, 0.75], "rotation": 180, "texture": "#5"},
				"east": {"uv": [3.30769, 0.75, 4, 1], "rotation": 180, "texture": "#5"},
				"south": {"uv": [2.61538, 0, 3, 0.25], "rotation": 180, "texture": "#5"},
				"west": {"uv": [2.30769, 0.25, 3, 0.5], "rotation": 180, "texture": "#5"},
				"up": {"uv": [3.70769, 1.68333, 2.51538, 2.1], "rotation": 90, "texture": "#5"},
				"down": {"uv": [2, 0.75, 1.61538, 0], "rotation": 180, "texture": "#5"}
			}
		},
		{
			"name": "cube_outline",
			"from": [7.65, 10.35, 11.15],
			"to": [4.85, 8.05, 4.85],
			"rotation": {"angle": 0, "axis": "y", "origin": [8.5, 8.2, 6.5]},
			"faces": {
				"north": {"uv": [2.69231, 0.5, 3, 0.75], "rotation": 180, "texture": "#5"},
				"east": {"uv": [2.30769, 0.75, 3, 1], "rotation": 180, "texture": "#5"},
				"south": {"uv": [2.30769, 0, 2.61538, 0.25], "rotation": 180, "texture": "#5"},
				"west": {"uv": [3.30769, 0.25, 4, 0.5], "rotation": 180, "texture": "#5"},
				"up": {"uv": [3.40769, 1.35, 2.21538, 1.68333], "texture": "#5"},
				"down": {"uv": [2.30769, 0.75, 2, 0], "rotation": 180, "texture": "#5"}
			}
		},
		{
			"name": "cube_outline_outline",
			"from": [5.85, 11.35, 5.85],
			"to": [10.15, 8.35, 10.15],
			"rotation": {"angle": 0, "axis": "y", "origin": [7, 8.5, 7]},
			"faces": {
				"north": {"uv": [1.71538, 2.7, 2.17692, 3.725], "rotation": 180, "texture": "#5"},
				"east": {"uv": [1.61538, 2.125, 2.07692, 2.75], "rotation": 180, "texture": "#5"},
				"south": {"uv": [0.80769, 2.25, 1.26923, 2.875], "rotation": 180, "texture": "#5"},
				"west": {"uv": [2.17692, 2.7, 2.63846, 3.725], "rotation": 180, "texture": "#5"},
				"up": {"uv": [2.53846, 2.625, 2.07692, 2.125], "rotation": 180, "texture": "#5"},
				"down": {"uv": [0.46154, 2.5, 0, 3], "rotation": 180, "texture": "#5"}
			}
		},
		{
			"name": "cube_outline_outline",
			"from": [5.85, 9.35, 5.85],
			"to": [10.15, 6.35, 10.15],
			"rotation": {"angle": 0, "axis": "y", "origin": [7, 6.5, 7]},
			"faces": {
				"north": {"uv": [1.71538, 2.2, 2.17692, 3.225], "rotation": 180, "texture": "#5"},
				"east": {"uv": [1.61538, 2.625, 2.07692, 3.25], "rotation": 180, "texture": "#5"},
				"south": {"uv": [0.80769, 2.25, 1.26923, 2.875], "rotation": 180, "texture": "#5"},
				"west": {"uv": [2.17692, 2.2, 2.63846, 3.225], "rotation": 180, "texture": "#5"},
				"up": {"uv": [1.53846, 4.625, 1.07692, 4.125], "rotation": 180, "texture": "#5"},
				"down": {"uv": [0.46154, 3.3, 0, 3.8], "rotation": 180, "texture": "#5"}
			}
		},
		{
			"name": "cube_outline",
			"from": [11.85, 6.35, 11.85],
			"to": [4.15, -0.15, 4.15],
			"rotation": {"angle": 0, "axis": "y", "origin": [8.5, 1.2, 7.5]},
			"faces": {
				"north": {"uv": [0.80769, 1.5, 1.61538, 2.25], "rotation": 180, "texture": "#5"},
				"east": {"uv": [0, 0, 2.8082, 2.75], "rotation": 180, "texture": "#5"},
				"south": {"uv": [2.81538, 0, 0.00718, 2.75], "rotation": 180, "texture": "#5"},
				"west": {"uv": [0.80769, 0.75, 1.61538, 1.5], "rotation": 180, "texture": "#5"},
				"up": {"uv": [0, 0.875, 0.85, 1], "rotation": 270, "texture": "#5"},
				"down": {"uv": [0.80769, 0.875, 0, 0], "rotation": 180, "texture": "#5"}
			}
		},
		{
			"name": "cube_outline",
			"from": [11.15, 10.35, 11.15],
			"to": [7.65, 8.05, 4.85],
			"rotation": {"angle": 0, "axis": "y", "origin": [8.5, 8.2, 6.5]},
			"faces": {
				"north": {"uv": [2.30769, 0.5, 2.69231, 0.75], "rotation": 180, "texture": "#5"},
				"east": {"uv": [3.30769, 0.75, 4, 1], "rotation": 180, "texture": "#5"},
				"south": {"uv": [2.61538, 0, 3, 0.25], "rotation": 180, "texture": "#5"},
				"west": {"uv": [2.30769, 0.25, 3, 0.5], "rotation": 180, "texture": "#5"},
				"up": {"uv": [3.70769, 1.68333, 2.51538, 2.1], "rotation": 90, "texture": "#5"},
				"down": {"uv": [2, 0.75, 1.61538, 0], "rotation": 180, "texture": "#5"}
			}
		},
		{
			"name": "cube_outline",
			"from": [7.65, 10.35, 11.15],
			"to": [4.85, 8.05, 4.85],
			"rotation": {"angle": 0, "axis": "y", "origin": [8.5, 8.2, 6.5]},
			"faces": {
				"north": {"uv": [2.69231, 0.5, 3, 0.75], "rotation": 180, "texture": "#5"},
				"east": {"uv": [2.30769, 0.75, 3, 1], "rotation": 180, "texture": "#5"},
				"south": {"uv": [2.30769, 0, 2.61538, 0.25], "rotation": 180, "texture": "#5"},
				"west": {"uv": [3.30769, 0.25, 4, 0.5], "rotation": 180, "texture": "#5"},
				"up": {"uv": [3.40769, 1.35, 2.21538, 1.68333], "texture": "#5"},
				"down": {"uv": [2.30769, 0.75, 2, 0], "rotation": 180, "texture": "#5"}
			}
		},
		{
			"name": "cube_outline_outline",
			"from": [5.85, 11.35, 5.85],
			"to": [10.15, 8.35, 10.15],
			"rotation": {"angle": 0, "axis": "y", "origin": [7, 8.5, 7]},
			"faces": {
				"north": {"uv": [1.71538, 2.7, 2.17692, 3.725], "rotation": 180, "texture": "#5"},
				"east": {"uv": [1.61538, 2.125, 2.07692, 2.75], "rotation": 180, "texture": "#5"},
				"south": {"uv": [0.80769, 2.25, 1.26923, 2.875], "rotation": 180, "texture": "#5"},
				"west": {"uv": [2.17692, 2.7, 2.63846, 3.725], "rotation": 180, "texture": "#5"},
				"up": {"uv": [2.53846, 2.625, 2.07692, 2.125], "rotation": 180, "texture": "#5"},
				"down": {"uv": [0.46154, 2.5, 0, 3], "rotation": 180, "texture": "#5"}
			}
		},
		{
			"name": "cube_outline_outline",
			"from": [5.85, 9.35, 5.85],
			"to": [10.15, 6.35, 10.15],
			"rotation": {"angle": 0, "axis": "y", "origin": [7, 6.5, 7]},
			"faces": {
				"north": {"uv": [1.71538, 2.2, 2.17692, 3.225], "rotation": 180, "texture": "#5"},
				"east": {"uv": [1.61538, 2.625, 2.07692, 3.25], "rotation": 180, "texture": "#5"},
				"south": {"uv": [0.80769, 2.25, 1.26923, 2.875], "rotation": 180, "texture": "#5"},
				"west": {"uv": [2.17692, 2.2, 2.63846, 3.225], "rotation": 180, "texture": "#5"},
				"up": {"uv": [1.53846, 4.625, 1.07692, 4.125], "rotation": 180, "texture": "#5"},
				"down": {"uv": [0.46154, 3.3, 0, 3.8], "rotation": 180, "texture": "#5"}
			}
		}
	],
	"display": {
		"thirdperson_righthand": {
			"rotation": [23, 0, 0],
			"translation": [0, 0, -0.25],
			"scale": [0.44, 0.44, 0.44]
		},
		"thirdperson_lefthand": {
			"rotation": [23, 0, 0],
			"translation": [0, 0, -0.25],
			"scale": [0.44, 0.44, 0.44]
		},
		"firstperson_righthand": {
			"rotation": [0.73, -78, -0.13],
			"translation": [-2.75, 5.25, 4.25],
			"scale": [0.31, 0.34, 0.31]
		},
		"firstperson_lefthand": {
			"rotation": [0.73, -78, -0.13],
			"translation": [-2.75, 5.25, 4.25],
			"scale": [0.31, 0.34, 0.31]
		},
		"ground": {
			"translation": [0, 4, 0],
			"scale": [0.52, 0.52, 0.52]
		},
		"gui": {
			"translation": [0.75, 3, 3.25],
			"scale": [1.27, 1.27, 1.27]
		},
		"head": {
			"translation": [0, 14.5, 0]
		},
		"fixed": {
			"translation": [0, 3.75, 3.25],
			"scale": [1.47, 1.47, 1.47]
		}
	},
	"groups": [
		{
			"name": "bottle",
			"origin": [7, 6.2, 7],
			"color": 0,
			"children": [0, 1, 2, 3]
		},
		{
			"name": "group",
			"origin": [5.4, 1, 5.4],
			"color": 0,
			"children": [
				4,
				5,
				6,
				7,
				8,
				{
					"name": "group",
					"origin": [5.4, 1, 5.4],
					"color": 0,
					"children": [9, 10, 11, 12, 13]
				}
			]
		}
	]
}