{
	"format_version": "1.21.6",
	"credit": "Made with Blockbench",
	"texture_size": [32, 32],
	"textures": {
		"2": "item/happy_ghast_spawn_egg_hand"
	},
	"elements": [
		{
			"name": "egg",
			"from": [5, 0, 5],
			"to": [11, 8, 11],
			"rotation": {"angle": 0, "axis": "y", "origin": [5, 0, 5]},
			"faces": {
				"north": {"uv": [0, 0, 3, 4], "texture": "#2"},
				"east": {"uv": [3, 0, 6, 4], "texture": "#2"},
				"south": {"uv": [0, 4, 3, 8], "texture": "#2"},
				"west": {"uv": [6, 0, 3, 4], "texture": "#2"},
				"up": {"uv": [6, 7, 3, 4], "texture": "#2"},
				"down": {"uv": [9, 0, 6, 3], "texture": "#2"}
			}
		},
		{
			"from": [6, -2, 6],
			"to": [10, 0, 10],
			"rotation": {"angle": 0, "axis": "y", "origin": [6, -2, 6]},
			"faces": {
				"north": {"uv": [8, 3, 6, 4], "texture": "#2"},
				"east": {"uv": [8, 3, 6, 4], "texture": "#2"},
				"south": {"uv": [8, 3, 6, 4], "texture": "#2"},
				"west": {"uv": [8, 3, 6, 4], "texture": "#2"},
				"up": {"uv": [8, 4, 10, 6], "texture": "#2"},
				"down": {"uv": [8, 4, 10, 6], "texture": "#2"}
			}
		},
		{
			"name": "cube_outline",
			"from": [10, 0, 10],
			"to": [6, -2, 6],
			"rotation": {"angle": 0, "axis": "y", "origin": [6, -2, 6]},
			"faces": {
				"north": {"uv": [6, 3, 8, 4], "rotation": 180, "texture": "#2"},
				"east": {"uv": [6, 3, 8, 4], "rotation": 180, "texture": "#2"},
				"south": {"uv": [6, 3, 8, 4], "rotation": 180, "texture": "#2"},
				"west": {"uv": [6, 3, 8, 4], "rotation": 180, "texture": "#2"},
				"up": {"uv": [6, 4, 8, 6], "rotation": 180, "texture": "#2"},
				"down": {"uv": [8, 4, 6, 6], "rotation": 180, "texture": "#2"}
			}
		}
	],
	"display": {
		"thirdperson_righthand": {
			"rotation": [0, 90, 0],
			"translation": [0, 4.95, 1.5],
			"scale": [0.62, 0.62, 0.62]
		},
		"thirdperson_lefthand": {
			"rotation": [0, 90, 0],
			"translation": [0, 4.95, 1.5],
			"scale": [0.62, 0.62, 0.62]
		},
		"firstperson_righthand": {
			"rotation": [0.73, 114, -0.13],
			"translation": [-3.5, 7, 5],
			"scale": [0.31, 0.35, 0.31]
		},
		"firstperson_lefthand": {
			"rotation": [0.73, 114, -0.13],
			"translation": [-3.5, 7, 5],
			"scale": [0.31, 0.35, 0.31]
		}
	}
}