{
	"format_version": "1.21.6",
	"credit": "Made with Blockbench",
	"texture_size": [32, 32],
	"textures": {
		"2": "item/empty_bottle_hand",
		"particle": "item/empty_bottle_hand"
	},
	"elements": [
		{
			"from": [4.3, 0, 4.3],
			"to": [11.7, 6.2, 11.7],
			"rotation": {"angle": 0, "axis": "y", "origin": [8.5, 1.2, 7.5]},
			"faces": {
				"north": {"uv": [3.5, 0, 7, 3], "texture": "#2"},
				"east": {"uv": [3.5, 3, 7, 6], "texture": "#2"},
				"south": {"uv": [3.5, 6, 7, 9], "texture": "#2"},
				"west": {"uv": [0, 7, 3.5, 10], "texture": "#2"},
				"up": {"uv": [3.5, 3.5, 0, 0], "texture": "#2"},
				"down": {"uv": [3.5, 3.5, 0, 7], "texture": "#2"}
			}
		},
		{
			"from": [5, 8.2, 5],
			"to": [11, 10.2, 11],
			"rotation": {"angle": 0, "axis": "y", "origin": [8.5, 8.2, 6.5]},
			"faces": {
				"north": {"uv": [9, 8, 12, 9], "texture": "#2"},
				"east": {"uv": [9, 8, 12, 9], "texture": "#2"},
				"south": {"uv": [9, 8, 12, 9], "texture": "#2"},
				"west": {"uv": [9, 8, 12, 9], "texture": "#2"},
				"up": {"uv": [10, 3, 7, 0], "texture": "#2"},
				"down": {"uv": [10, 3, 7, 6], "texture": "#2"}
			}
		},
		{
			"from": [6, 6.2, 6],
			"to": [10, 11.2, 10],
			"rotation": {"angle": 0, "axis": "y", "origin": [7, 6.2, 7]},
			"faces": {
				"north": {"uv": [7, 6, 9, 8.5], "texture": "#2"},
				"east": {"uv": [7, 6, 9, 8.5], "texture": "#2"},
				"south": {"uv": [7, 6, 9, 8.5], "texture": "#2"},
				"west": {"uv": [7, 6, 9, 8.5], "texture": "#2"},
				"up": {"uv": [9, 10.5, 7, 8.5], "texture": "#2"},
				"down": {"uv": [5.5, 9, 3.5, 11], "texture": "#2"}
			}
		},
		{
			"name": "cube_outline",
			"from": [6, 10.2, 6],
			"to": [10, 8.2, 10],
			"rotation": {"angle": 0, "axis": "y", "origin": [8.5, 8.2, 6.5]},
			"faces": {
				"north": {"uv": [9, 9, 12, 10], "rotation": 180, "texture": "#2"},
				"east": {"uv": [9, 9, 12, 10], "rotation": 180, "texture": "#2"},
				"south": {"uv": [9, 9, 12, 10], "rotation": 180, "texture": "#2"},
				"west": {"uv": [9, 9, 12, 10], "rotation": 180, "texture": "#2"},
				"up": {"uv": [13, 3, 10, 6], "rotation": 180, "texture": "#2"},
				"down": {"uv": [10, 3, 7, 0], "rotation": 180, "texture": "#2"}
			}
		}
	],
	"display": {
		"thirdperson_righthand": {
			"rotation": [0, -180, 0],
			"translation": [0, 4, 1.5],
			"scale": [0.5, 0.5, 0.5]
		},
		"thirdperson_lefthand": {
			"rotation": [0, -180, 0],
			"translation": [0, 4, 1.5],
			"scale": [0.5, 0.5, 0.5]
		},
		"firstperson_righthand": {
			"rotation": [0.73, -78, -0.13],
			"translation": [-2.75, 5.25, 4.25],
			"scale": [0.31, 0.34, 0.31]
		},
		"firstperson_lefthand": {
			"rotation": [0.73, -78, -0.13],
			"translation": [-2.75, 5.25, 4.25],
			"scale": [0.31, 0.34, 0.31]
		},
		"ground": {
			"translation": [0, 6, 0]
		},
		"gui": {
			"translation": [0.75, 3, 3.25],
			"scale": [1.27, 1.27, 1.27]
		},
		"head": {
			"translation": [0, 14.5, 0]
		},
		"fixed": {
			"translation": [0, 3.75, 3.25],
			"scale": [1.47, 1.47, 1.47]
		}
	}
}