{
	"format_version": "1.21.6",
	"credit": "Made with Blockbench",
	"texture_size": [32, 32],
	"textures": {
		"2": "item/iron_golem_spawn_egg_hand"
	},
	"elements": [
		{
			"name": "egg",
			"from": [5, 0, 5],
			"to": [11, 8.5, 11],
			"rotation": {"angle": 0, "axis": "y", "origin": [5, 0, 5]},
			"faces": {
				"north": {"uv": [6, 0, 9, 4.5], "texture": "#2"},
				"east": {"uv": [6, 4.5, 9, 9], "texture": "#2"},
				"south": {"uv": [0, 9, 3, 13.5], "texture": "#2"},
				"west": {"uv": [9, 4.5, 6, 9], "texture": "#2"},
				"up": {"uv": [12, 6, 9, 3], "texture": "#2"},
				"down": {"uv": [9, 9, 6, 12], "texture": "#2"}
			}
		},
		{
			"from": [7, 0.1, 3.5],
			"to": [9, 4, 5.5],
			"rotation": {"angle": 0, "axis": "y", "origin": [7, 0, 3.5]},
			"faces": {
				"north": {"uv": [9, 6, 10, 8], "texture": "#2"},
				"east": {"uv": [9, 8, 10, 10], "texture": "#2"},
				"south": {"uv": [10, 6, 11, 8], "texture": "#2"},
				"west": {"uv": [10, 6, 11, 8], "texture": "#2"},
				"up": {"uv": [11, 9.5, 10, 8.5], "texture": "#2"},
				"down": {"uv": [10, 10, 9, 11], "texture": "#2"}
			}
		},
		{
			"from": [5.5, 4, 4.875],
			"to": [10.5, 5, 4.875],
			"rotation": {"angle": 0, "axis": "y", "origin": [8, 4.5, 4.875]},
			"faces": {
				"north": {"uv": [10, 8, 12.5, 8.5], "texture": "#2"},
				"east": {"uv": [0, 0, 0, 0.5], "texture": "#2"},
				"south": {"uv": [10, 8, 12.5, 8.5], "texture": "#2"},
				"west": {"uv": [0, 0, 0, 0.5], "texture": "#2"},
				"up": {"uv": [2.5, 0, 0, 0], "texture": "#2"},
				"down": {"uv": [0, 0, 2.5, 0], "texture": "#2"}
			}
		},
		{
			"from": [4.9, -0.1, 4.9],
			"to": [11.1, 8.6, 11.1],
			"rotation": {"angle": 0, "axis": "y", "origin": [5, 0, 5]},
			"faces": {
				"north": {"uv": [0, 0, 3, 4.5], "texture": "#2"},
				"east": {"uv": [3, 0, 6, 4.5], "texture": "#2"},
				"south": {"uv": [0, 4.5, 3, 9], "texture": "#2"},
				"west": {"uv": [3, 4.5, 6, 9], "texture": "#2"},
				"up": {"uv": [12, 3, 9, 0], "texture": "#2"},
				"down": {"uv": [6, 9, 3, 12], "texture": "#2"}
			}
		}
	],
	"display": {
		"thirdperson_righthand": {
			"rotation": [0, 90, 0],
			"translation": [0, 4.95, 1.5],
			"scale": [0.62, 0.62, 0.62]
		},
		"thirdperson_lefthand": {
			"rotation": [0, 90, 0],
			"translation": [0, 4.95, 1.5],
			"scale": [0.62, 0.62, 0.62]
		},
		"firstperson_righthand": {
			"rotation": [0.73, 114, -0.13],
			"translation": [-3.5, 6.75, 5],
			"scale": [0.31, 0.35, 0.31]
		},
		"firstperson_lefthand": {
			"rotation": [0.73, 114, -0.13],
			"translation": [-3.5, 6.75, 5],
			"scale": [0.31, 0.35, 0.31]
		}
	}
}