{
	"format_version": "1.21.6",
	"credit": "Made with Blockbench",
	"texture_size": [32, 32],
	"textures": {
		"1": "item/lapis_hand"
	},
	"elements": [
		{
			"from": [4.17022, 0, 6.77489],
			"to": [10.17022, 6, 10.77489],
			"light_emission": 15,
			"rotation": {"angle": 0, "axis": "y", "origin": [8, 4.325, 8]},
			"faces": {
				"north": {"uv": [0, 0, 3, 3], "texture": "#1"},
				"east": {"uv": [5.5, 0, 7.5, 3], "texture": "#1"},
				"south": {"uv": [0, 3, 3, 6], "texture": "#1"},
				"west": {"uv": [5.5, 3, 7.5, 6], "texture": "#1"},
				"up": {"uv": [3, 8, 0, 6], "texture": "#1"},
				"down": {"uv": [6, 6, 3, 8], "texture": "#1"}
			}
		},
		{
			"from": [5.97007, 2.65, 5.46655],
			"to": [10.97007, 8.65, 8.46655],
			"light_emission": 15,
			"rotation": {"angle": -22.5, "axis": "y", "origin": [8, 4.325, 8]},
			"faces": {
				"north": {"uv": [3, 0, 5.5, 3], "texture": "#1"},
				"east": {"uv": [6, 6, 7.5, 9], "texture": "#1"},
				"south": {"uv": [3, 3, 5.5, 6], "texture": "#1"},
				"west": {"uv": [7.5, 0, 9, 3], "texture": "#1"},
				"up": {"uv": [10, 4.5, 7.5, 3], "texture": "#1"},
				"down": {"uv": [10, 4.5, 7.5, 6], "texture": "#1"}
			}
		},
		{
			"name": "cube_outline",
			"from": [10.37022, 6.2, 10.97489],
			"to": [3.97022, -0.2, 6.57489],
			"rotation": {"angle": 0, "axis": "y", "origin": [8, 4.325, 8]},
			"faces": {
				"north": {"uv": [0, 8.5, 1.5, 10], "rotation": 180, "texture": "#1"},
				"east": {"uv": [0, 8.5, 0.5, 9.5], "rotation": 180, "texture": "#1"},
				"south": {"uv": [0, 8.5, 1.5, 10], "rotation": 180, "texture": "#1"},
				"west": {"uv": [0, 8.5, 0.5, 9.5], "rotation": 180, "texture": "#1"},
				"up": {"uv": [1.5, 8.5, 0, 10], "rotation": 180, "texture": "#1"},
				"down": {"uv": [1.5, 10, 0, 8.5], "rotation": 180, "texture": "#1"}
			}
		},
		{
			"name": "cube_outline",
			"from": [11.17007, 8.85, 8.66655],
			"to": [5.77007, 2.45, 5.26655],
			"rotation": {"angle": -22.5, "axis": "y", "origin": [8, 4.325, 8]},
			"faces": {
				"north": {"uv": [0, 8.5, 1.5, 10], "rotation": 180, "texture": "#1"},
				"east": {"uv": [0, 9.4, 0.5, 10.9], "rotation": 180, "texture": "#1"},
				"south": {"uv": [0, 8.5, 1.5, 10], "rotation": 180, "texture": "#1"},
				"west": {"uv": [0, 8.5, 0.5, 10], "rotation": 180, "texture": "#1"},
				"up": {"uv": [1.9, 10, 0.4, 8.5], "rotation": 90, "texture": "#1"},
				"down": {"uv": [1.5, 8.5, 0, 10], "texture": "#1"}
			}
		}
	],
	"display": {
		"thirdperson_righthand": {
			"translation": [-1.5, 2.25, 1.5],
			"scale": [0.52, 0.52, 0.52]
		},
		"thirdperson_lefthand": {
			"translation": [-1.5, 2.25, 1.5],
			"scale": [0.52, 0.52, 0.52]
		},
		"firstperson_righthand": {
			"rotation": [-10.85, -56.05, -5.11],
			"translation": [0.25, 5.75, 0],
			"scale": [0.61, 0.67, 0.61]
		},
		"firstperson_lefthand": {
			"rotation": [-10.85, -56.05, -5.11],
			"translation": [0.25, 5.75, 0],
			"scale": [0.61, 0.67, 0.61]
		}
	}
}