{
	"format_version": "1.21.6",
	"credit": "Made with Blockbench",
	"texture_size": [32, 32],
	"textures": {
		"2": "item/lead_tp"
	},
	"elements": [
		{
			"from": [4, 4, 6.5],
			"to": [12, 13, 9.5],
			"rotation": {"angle": 0, "axis": "y", "origin": [4, 11, 7.5]},
			"faces": {
				"north": {"uv": [0, 0, 4, 4.5], "texture": "#2"},
				"east": {"uv": [4, 0, 5.5, 4.5], "texture": "#2"},
				"south": {"uv": [0, 0, 4, 4.5], "texture": "#2"},
				"west": {"uv": [4, 0, 5.5, 4.5], "texture": "#2"},
				"up": {"uv": [0, 4.5, 4, 6], "texture": "#2"},
				"down": {"uv": [5.5, 0, 9.5, 1.5], "texture": "#2"}
			}
		},
		{
			"from": [3.76, 3.73, 6.41],
			"to": [12.24, 13.27, 9.59],
			"rotation": {"angle": 0, "axis": "y", "origin": [3.76, 11.15, 7.47]},
			"faces": {
				"north": {"uv": [0, 6, 4, 10.5], "texture": "#2"},
				"east": {"uv": [4, 6, 5.5, 10.5], "texture": "#2"},
				"south": {"uv": [0, 6, 4, 10.5], "texture": "#2"},
				"west": {"uv": [4, 6, 5.5, 10.5], "texture": "#2"},
				"up": {"uv": [0, 10.5, 4, 12], "texture": "#2"},
				"down": {"uv": [5.5, 6, 9.5, 7.5], "texture": "#2"}
			}
		},
		{
			"name": "cube_outline",
			"from": [12, 13, 9.5],
			"to": [4, 4, 6.5],
			"rotation": {"angle": 0, "axis": "y", "origin": [4, 11, 7.5]},
			"faces": {
				"north": {"uv": [0, 0, 4, 4.5], "rotation": 180, "texture": "#2"},
				"east": {"uv": [4, 0, 5.5, 4.5], "rotation": 180, "texture": "#2"},
				"south": {"uv": [0, 0, 4, 4.5], "rotation": 180, "texture": "#2"},
				"west": {"uv": [4, 0, 5.5, 4.5], "rotation": 180, "texture": "#2"},
				"up": {"uv": [5.5, 0, 9.5, 1.5], "rotation": 180, "texture": "#2"},
				"down": {"uv": [0, 6, 4, 7.5], "rotation": 180, "texture": "#2"}
			}
		},
		{
			"name": "cube_outline",
			"from": [12.24, 13.27, 9.59],
			"to": [3.76, 3.73, 6.41],
			"rotation": {"angle": 0, "axis": "y", "origin": [3.76, 11.15, 7.47]},
			"faces": {
				"north": {"uv": [0, 6, 4, 10.5], "rotation": 180, "texture": "#2"},
				"east": {"uv": [4, 6, 5.5, 10.5], "rotation": 180, "texture": "#2"},
				"south": {"uv": [0, 6, 4, 10.5], "rotation": 180, "texture": "#2"},
				"west": {"uv": [4, 6, 5.5, 10.5], "rotation": 180, "texture": "#2"},
				"up": {"uv": [5.5, 6, 9.5, 7.5], "rotation": 180, "texture": "#2"},
				"down": {"uv": [0, 10.5, 4, 12], "rotation": 180, "texture": "#2"}
			}
		}
	],
	"display": {
		"thirdperson_righthand": {
			"rotation": [88, -90, 0],
			"translation": [-1.5, -2, 6.75],
			"scale": [0.98, 1.18, 0.88]
		},
		"thirdperson_lefthand": {
			"rotation": [88, -90, 0],
			"translation": [-1.5, -2, 6.75],
			"scale": [0.98, 1.18, 0.88]
		},
		"firstperson_righthand": {
			"rotation": [0.73, -77, -0.13],
			"translation": [-3, 2.25, 6.5],
			"scale": [0.53, 0.53, 0.61]
		},
		"firstperson_lefthand": {
			"rotation": [0.73, -77, -0.13],
			"translation": [-3, 2.5, 6.5],
			"scale": [0.53, 0.53, 0.53]
		}
	}
}