{
	"format_version": "1.21.6",
	"credit": "Made with Blockbench",
	"textures": {
		"1": "item/music_hand_5"
	},
	"elements": [
		{
			"from": [5.5, 0, 7.5],
			"to": [10.5, 5, 8.5],
			"rotation": {"angle": 0, "axis": "x", "origin": [9.5, 4, 8.5]},
			"faces": {
				"north": {"uv": [5, 5, 2.5, 2.5], "rotation": 180, "texture": "#1"},
				"east": {"uv": [10, 0.5, 7.5, 1], "rotation": 90, "texture": "#1"},
				"south": {"uv": [0, 2.5, 2.5, 5], "texture": "#1"},
				"west": {"uv": [5, 0, 7.5, 0.5], "rotation": 270, "texture": "#1"},
				"up": {"uv": [5, 0.5, 7.5, 1], "texture": "#1"},
				"down": {"uv": [7.5, 0, 10, 0.5], "rotation": 180, "texture": "#1"}
			}
		}
	],
	"display": {
		"thirdperson_righthand": {
			"translation": [-1.5, 5, 0.75],
			"scale": [0.62, 0.79, 0.62]
		},
		"thirdperson_lefthand": {
			"translation": [-1.5, 5, 0.75],
			"scale": [0.62, 0.79, 0.62]
		},
		"firstperson_righthand": {
			"rotation": [44.79, 64.66, -45.7],
			"translation": [-1.25, 7, 4],
			"scale": [0.62, 0.68, 0.62]
		},
		"firstperson_lefthand": {
			"rotation": [44.79, 64.66, -45.7],
			"translation": [-1.25, 7, 4],
			"scale": [0.62, 0.68, 0.62]
		}
	}
}