{
	"format_version": "1.21.6",
	"credit": "Made with Blockbench",
	"texture_size": [32, 32],
	"textures": {
		"0": "item/oak_sign_hand",
		"particle": "item/oak_sign_hand"
	},
	"elements": [
		{
			"from": [7.25, 0, 7.25],
			"to": [8.75, 9, 8.75],
			"rotation": {"angle": 0, "axis": "y", "origin": [7.25, 0, 7.25]},
			"faces": {
				"north": {"uv": [0, 4.5, 0.5, 9], "texture": "#0"},
				"east": {"uv": [0, 4.5, 0.5, 9], "texture": "#0"},
				"south": {"uv": [0, 4.5, 0.5, 9], "texture": "#0"},
				"west": {"uv": [0, 4.5, 0.5, 9], "texture": "#0"},
				"up": {"uv": [0.5, 5.5, 0, 4.5], "texture": "#0"},
				"down": {"uv": [0.5, 8.5, 0, 9], "texture": "#0"}
			}
		},
		{
			"from": [1.25, 9, 7.25],
			"to": [14.75, 18, 8.75],
			"rotation": {"angle": 0, "axis": "y", "origin": [7.25, 9, 7.25]},
			"faces": {
				"north": {"uv": [0, 0, 7, 4.5], "texture": "#0"},
				"east": {"uv": [0, 0, 0.5, 4.5], "texture": "#0"},
				"south": {"uv": [0, 0, 7, 4.5], "texture": "#0"},
				"west": {"uv": [6.5, 0, 7, 4.5], "texture": "#0"},
				"up": {"uv": [7, 0.5, 0, 0], "texture": "#0"},
				"down": {"uv": [7, 4, 0, 4.5], "texture": "#0"}
			}
		}
	],
	"display": {
		"thirdperson_righthand": {
			"translation": [0, 0.75, 1.75],
			"scale": [0.68, 0.68, 0.68]
		},
		"thirdperson_lefthand": {
			"translation": [0, 0.75, 1.75],
			"scale": [0.68, 0.68, 0.68]
		},
		"firstperson_righthand": {
			"rotation": [0.73, 114, -0.13],
			"translation": [-3.25, 3.75, 4.5],
			"scale": [0.31, 0.38, 0.35]
		},
		"firstperson_lefthand": {
			"rotation": [0.73, 114, -0.13],
			"translation": [-3.25, 3.75, 4.5],
			"scale": [0.31, 0.38, 0.35]
		}
	}
}