{
	"format_version": "1.21.6",
	"credit": "Made with Blockbench",
	"texture_size": [32, 32],
	"textures": {
		"2": "item/piglin_spawn_egg_hand",
		"particle": "item/piglin_spawn_egg_hand"
	},
	"elements": [
		{
			"name": "egg",
			"from": [5, 1, 5],
			"to": [11, 8, 11],
			"rotation": {"angle": 0, "axis": "y", "origin": [5, 1, 5]},
			"faces": {
				"north": {"uv": [0, 0, 3, 3.5], "texture": "#2"},
				"east": {"uv": [3, 0, 6, 3.5], "texture": "#2"},
				"south": {"uv": [3, 0, 6, 3.5], "texture": "#2"},
				"west": {"uv": [3, 0, 6, 3.5], "texture": "#2"},
				"up": {"uv": [3, 6.5, 0, 3.5], "texture": "#2"},
				"down": {"uv": [6, 3.5, 3, 6.5], "texture": "#2"}
			}
		},
		{
			"from": [6, 2, 4],
			"to": [10, 5, 5],
			"rotation": {"angle": 0, "axis": "y", "origin": [6, 2, 3]},
			"faces": {
				"north": {"uv": [2, 6.5, 4, 8], "texture": "#2"},
				"east": {"uv": [0, 6.5, 0.5, 8], "texture": "#2"},
				"south": {"uv": [2, 6.5, 4, 8], "texture": "#2"},
				"west": {"uv": [0, 6.5, 0.5, 8], "texture": "#2"},
				"up": {"uv": [2, 6.5, 4, 7], "texture": "#2"},
				"down": {"uv": [0.5, 6.5, 2, 7], "texture": "#2"}
			}
		},
		{
			"from": [5, 1, 4.025],
			"to": [7, 3, 5],
			"rotation": {"angle": 0, "axis": "y", "origin": [6, 1, 4]},
			"faces": {
				"north": {"uv": [0.5, 7, 1.5, 8], "texture": "#2"},
				"east": {"uv": [1, 7, 1.4875, 8], "texture": "#2"},
				"south": {"uv": [0.5, 7, 1.5, 8], "texture": "#2"},
				"west": {"uv": [1, 7, 1.4875, 8], "texture": "#2"},
				"up": {"uv": [0.5, 7, 1.5, 7.4875], "texture": "#2"},
				"down": {"uv": [0.5, 7.5, 1.5, 7.9875], "texture": "#2"}
			}
		},
		{
			"from": [9, 1, 4.025],
			"to": [11, 3, 5],
			"rotation": {"angle": 0, "axis": "y", "origin": [10, 1, 4]},
			"faces": {
				"north": {"uv": [0.5, 7, 1.5, 8], "texture": "#2"},
				"east": {"uv": [1, 7, 1.4875, 8], "texture": "#2"},
				"south": {"uv": [0.5, 7, 1.5, 8], "texture": "#2"},
				"west": {"uv": [1, 7, 1.4875, 8], "texture": "#2"},
				"up": {"uv": [0.5, 7, 1.5, 7.4875], "texture": "#2"},
				"down": {"uv": [0.5, 7.5, 1.5, 7.9875], "texture": "#2"}
			}
		},
		{
			"from": [4.075, 2.4, 6.5],
			"to": [5.075, 6, 9.5],
			"rotation": {"angle": -26, "axis": "z", "origin": [4.575, 4, 8]},
			"faces": {
				"north": {"uv": [6.5, 1.5, 6, 3.5], "texture": "#2"},
				"east": {"uv": [8, 0, 6.5, 2], "texture": "#2"},
				"south": {"uv": [6.5, 1.5, 6, 3.5], "texture": "#2"},
				"west": {"uv": [8, 0, 6.5, 2], "texture": "#2"},
				"up": {"uv": [6.5, 0, 6, 1.5], "texture": "#2"},
				"down": {"uv": [6.5, 0, 6, 1.5], "texture": "#2"}
			}
		},
		{
			"from": [10.925, 2.4, 6.5],
			"to": [11.925, 6, 9.5],
			"rotation": {"angle": 26, "axis": "z", "origin": [11.425, 4, 8]},
			"faces": {
				"north": {"uv": [6, 1.5, 6.5, 3.5], "texture": "#2"},
				"east": {"uv": [6.5, 0, 8, 2], "texture": "#2"},
				"south": {"uv": [6, 1.5, 6.5, 3.5], "texture": "#2"},
				"west": {"uv": [6.5, 0, 8, 2], "texture": "#2"},
				"up": {"uv": [6, 0, 6.5, 1.5], "texture": "#2"},
				"down": {"uv": [6, 0, 6.5, 1.5], "texture": "#2"}
			}
		},
		{
			"from": [4.9, 0, 4.9],
			"to": [11.1, 1, 11.1],
			"rotation": {"angle": 0, "axis": "y", "origin": [9, 0, 5]},
			"faces": {
				"north": {"uv": [6.5, 2, 9.5, 2.5], "texture": "#2"},
				"east": {"uv": [6.5, 2.5, 9.5, 3], "texture": "#2"},
				"south": {"uv": [6.5, 2.5, 9.5, 3], "texture": "#2"},
				"west": {"uv": [6.5, 2.5, 9.5, 3], "texture": "#2"},
				"up": {"uv": [6.5, 2.5, 9.5, 5.5], "texture": "#2"},
				"down": {"uv": [6.5, 2.5, 9.5, 5.5], "texture": "#2"}
			}
		},
		{
			"from": [4.95, 2, 6.5],
			"to": [4.95, 5, 9.5],
			"rotation": {"angle": 0, "axis": "y", "origin": [2.95, 2, 6.6]},
			"faces": {
				"north": {"uv": [0, 0, 0, 1.5], "texture": "#2"},
				"east": {"uv": [4, 6.5, 5.5, 8], "texture": "#2"},
				"south": {"uv": [0, 0, 0, 1.5], "texture": "#2"},
				"west": {"uv": [4, 6.5, 5.5, 8], "texture": "#2"},
				"up": {"uv": [0, 0, 0, 1.5], "texture": "#2"},
				"down": {"uv": [0, 0, 0, 1.5], "texture": "#2"}
			}
		},
		{
			"from": [11.05, 2, 6.5],
			"to": [11.05, 5, 9.5],
			"rotation": {"angle": 0, "axis": "y", "origin": [13.05, 2, 6.6]},
			"faces": {
				"north": {"uv": [0, 0, 0, 1.5], "texture": "#2"},
				"east": {"uv": [5.5, 6.5, 4, 8], "texture": "#2"},
				"south": {"uv": [0, 0, 0, 1.5], "texture": "#2"},
				"west": {"uv": [5.5, 6.5, 4, 8], "texture": "#2"},
				"up": {"uv": [0, 0, 0, 1.5], "texture": "#2"},
				"down": {"uv": [0, 0, 0, 1.5], "texture": "#2"}
			}
		}
	],
	"display": {
		"thirdperson_righthand": {
			"rotation": [0, 90, 0],
			"translation": [0, 4.95, 1.5],
			"scale": [0.62, 0.62, 0.62]
		},
		"thirdperson_lefthand": {
			"rotation": [0, 90, 0],
			"translation": [0, 4.95, 1.5],
			"scale": [0.62, 0.62, 0.62]
		},
		"firstperson_righthand": {
			"rotation": [0.73, 114, -0.13],
			"translation": [-3.5, 6.75, 5],
			"scale": [0.32, 0.35, 0.31]
		},
		"firstperson_lefthand": {
			"rotation": [0.73, 114, -0.13],
			"translation": [-3.5, 6.75, 5],
			"scale": [0.32, 0.35, 0.31]
		}
	}
}