{
	"credit": "Made with Blockbench",
	"textures": {
		"2": "item/bucket_snow",
		"3": "item/bucket_hand",
		"particle": "block/bucket_snow"
	},
	"elements": [
		{
			"from": [4, 9, 3.3],
			"to": [12, 13, 10.7],
			"rotation": {"angle": 22.5, "axis": "x", "origin": [5, 8, 4.3]},
			"faces": {
				"north": {"uv": [8, 0, 16, 4], "texture": "#2"},
				"east": {"uv": [8, 8, 15, 12], "texture": "#2"},
				"south": {"uv": [8, 4, 16, 8], "texture": "#2"},
				"west": {"uv": [8, 12, 15, 16], "texture": "#2"},
				"up": {"uv": [8, 7, 0, 0], "texture": "#2"},
				"down": {"uv": [8, 7, 0, 14], "texture": "#2"}
			}
		},
		{
			"from": [3, 2, 3],
			"to": [12, 11, 4],
			"rotation": {"angle": 0, "axis": "y", "origin": [3, 1, 3]},
			"faces": {
				"north": {"uv": [4.5, 0, 9, 4.5], "texture": "#3"},
				"east": {"uv": [1, 9, 1.5, 13.5], "texture": "#3"},
				"south": {"uv": [0, 0, 4.5, 4.5], "texture": "#3"},
				"west": {"uv": [0, 9, 0.5, 13.5], "texture": "#3"},
				"up": {"uv": [9, 4.5, 9.5, 0], "rotation": 90, "texture": "#3"},
				"down": {"uv": [3.5, 9.5, 3, 10], "texture": "#3"}
			}
		},
		{
			"from": [3, 2, 4],
			"to": [4, 11, 13],
			"rotation": {"angle": 0, "axis": "y", "origin": [3, 1, 13]},
			"faces": {
				"north": {"uv": [1.5, 9, 2, 13.5], "texture": "#3"},
				"east": {"uv": [0, 0, 4.5, 4.5], "texture": "#3"},
				"south": {"uv": [0, 9, 0.5, 13.5], "texture": "#3"},
				"west": {"uv": [0, 4.5, 4.5, 9], "texture": "#3"},
				"up": {"uv": [9.5, 4.5, 9, 0], "texture": "#3"},
				"down": {"uv": [1, 9, 0.5, 13.5], "texture": "#3"}
			}
		},
		{
			"from": [4, 2, 12],
			"to": [13, 11, 13],
			"rotation": {"angle": 0, "axis": "y", "origin": [13, 1, 13]},
			"faces": {
				"north": {"uv": [0, 0, 4.5, 4.5], "texture": "#3"},
				"east": {"uv": [0, 9, 0.5, 13.5], "texture": "#3"},
				"south": {"uv": [0, 4.5, 4.5, 9], "texture": "#3"},
				"west": {"uv": [1.5, 9, 2, 13.5], "texture": "#3"},
				"up": {"uv": [9, 0, 9.5, 4.5], "rotation": 90, "texture": "#3"},
				"down": {"uv": [1, 9.5, 0.5, 9], "texture": "#3"}
			}
		},
		{
			"from": [12, 2, 3],
			"to": [13, 11, 12],
			"rotation": {"angle": 0, "axis": "y", "origin": [12, 1, 13]},
			"faces": {
				"north": {"uv": [2, 9, 2.5, 13.5], "texture": "#3"},
				"east": {"uv": [0, 4.5, 4.5, 9], "texture": "#3"},
				"south": {"uv": [2.5, 9, 3, 13.5], "texture": "#3"},
				"west": {"uv": [0, 0, 4.5, 4.5], "texture": "#3"},
				"up": {"uv": [9.5, 0, 9, 4.5], "texture": "#3"},
				"down": {"uv": [3.5, 9, 3, 13.5], "texture": "#3"}
			}
		},
		{
			"from": [4, 0, 4],
			"to": [12, 2, 12],
			"rotation": {"angle": 0, "axis": "y", "origin": [4, 0, 4]},
			"faces": {
				"north": {"uv": [0, 13.5, 4, 14.5], "texture": "#3"},
				"east": {"uv": [0, 13.5, 4, 14.5], "texture": "#3"},
				"south": {"uv": [0, 13.5, 4, 14.5], "texture": "#3"},
				"west": {"uv": [0, 13.5, 4, 14.5], "texture": "#3"},
				"up": {"uv": [8.5, 8.5, 4.5, 4.5], "texture": "#3"},
				"down": {"uv": [8.5, 8.5, 4.5, 12.5], "texture": "#3"}
			}
		}
	],
	"display": {
		"thirdperson_righthand": {
			"rotation": [68, 0, 0],
			"translation": [-0.05, 0.5, -1.25],
			"scale": [0.47, 0.5, 0.47]
		},
		"thirdperson_lefthand": {
			"rotation": [68, 0, 0],
			"translation": [-0.05, 0.5, -1.25],
			"scale": [0.47, 0.5, 0.47]
		},
		"firstperson_righthand": {
			"rotation": [-177.36, 69.09, 178.69],
			"translation": [-2.5, 4.5, 3.75],
			"scale": [0.31, 0.38, 0.31]
		},
		"firstperson_lefthand": {
			"rotation": [-177.36, 69.09, 178.69],
			"translation": [-2.5, 4.5, 3.75],
			"scale": [0.31, 0.38, 0.31]
		}
	},
	"groups": [
		0,
		{
			"name": "bucket",
			"origin": [4, 0, 4],
			"color": 0,
			"children": [1, 2, 3, 4, 5]
		}
	]
}