{
	"format_version": "1.21.6",
	"credit": "Made with Blockbench",
	"texture_size": [32, 32],
	"textures": {
		"2": "item/quartz_hand"
	},
	"elements": [
		{
			"from": [3.89568, -0.02, 6.29159],
			"to": [6.63568, 3.02, 10.33159],
			"rotation": {"angle": 0, "axis": "y", "origin": [9.11568, 0, 8.81159]},
			"faces": {
				"north": {"uv": [0, 8, 1.5, 9.5], "texture": "#2"},
				"east": {"uv": [4.5, 9, 6.5, 10.5], "texture": "#2"},
				"south": {"uv": [9.5, 5.5, 11, 7], "texture": "#2"},
				"west": {"uv": [0, 9.5, 2, 11], "texture": "#2"},
				"up": {"uv": [1.5, 8, 0, 6], "texture": "#2"},
				"down": {"uv": [3.5, 9.5, 2, 11.5], "texture": "#2"}
			}
		},
		{
			"from": [5.60568, -0.01, 4.30159],
			"to": [10.62568, 3.01, 9.32159],
			"rotation": {"angle": 0, "axis": "y", "origin": [9.11568, 0, 8.81159]},
			"faces": {
				"north": {"uv": [7, 5.5, 9.5, 7], "texture": "#2"},
				"east": {"uv": [7, 7, 9.5, 8.5], "texture": "#2"},
				"south": {"uv": [4.5, 7.5, 7, 9], "texture": "#2"},
				"west": {"uv": [8.5, 0, 11, 1.5], "texture": "#2"},
				"up": {"uv": [7, 7.5, 4.5, 5], "texture": "#2"},
				"down": {"uv": [8.5, 0, 6, 2.5], "texture": "#2"}
			}
		},
		{
			"from": [5.61568, 0, 7.31159],
			"to": [11.21568, 3.4, 12.31159],
			"rotation": {"angle": 0, "axis": "y", "origin": [9.11568, 0, 11.81159]},
			"faces": {
				"north": {"uv": [6, 2.5, 9, 4], "texture": "#2"},
				"east": {"uv": [7, 8.5, 9.5, 10], "texture": "#2"},
				"south": {"uv": [7, 4, 10, 5.5], "texture": "#2"},
				"west": {"uv": [9, 1.5, 11.5, 3], "texture": "#2"},
				"up": {"uv": [6, 2.5, 3, 0], "texture": "#2"},
				"down": {"uv": [6, 2.5, 3, 5], "texture": "#2"}
			}
		},
		{
			"from": [3.89568, -0.02, 6.29159],
			"to": [6.63568, 3.02, 10.33159],
			"rotation": {"angle": 0, "axis": "y", "origin": [9.11568, 0, 8.81159]},
			"faces": {
				"north": {"uv": [0, 8, 1.5, 9.5], "texture": "#2"},
				"east": {"uv": [4.5, 9, 6.5, 10.5], "texture": "#2"},
				"south": {"uv": [9.5, 5.5, 11, 7], "texture": "#2"},
				"west": {"uv": [0, 9.5, 2, 11], "texture": "#2"},
				"up": {"uv": [1.5, 8, 0, 6], "texture": "#2"},
				"down": {"uv": [3.5, 9.5, 2, 11.5], "texture": "#2"}
			}
		},
		{
			"from": [5.60568, -0.01, 4.30159],
			"to": [10.62568, 3.01, 9.32159],
			"rotation": {"angle": 0, "axis": "y", "origin": [9.11568, 0, 8.81159]},
			"faces": {
				"north": {"uv": [7, 5.5, 9.5, 7], "texture": "#2"},
				"east": {"uv": [7, 7, 9.5, 8.5], "texture": "#2"},
				"south": {"uv": [4.5, 7.5, 7, 9], "texture": "#2"},
				"west": {"uv": [8.5, 0, 11, 1.5], "texture": "#2"},
				"up": {"uv": [7, 7.5, 4.5, 5], "texture": "#2"},
				"down": {"uv": [8.5, 0, 6, 2.5], "texture": "#2"}
			}
		},
		{
			"from": [5.61568, 0, 7.31159],
			"to": [11.21568, 3.4, 12.31159],
			"rotation": {"angle": 0, "axis": "y", "origin": [9.11568, 0, 11.81159]},
			"faces": {
				"north": {"uv": [6, 2.5, 9, 4], "texture": "#2"},
				"east": {"uv": [7, 8.5, 9.5, 10], "texture": "#2"},
				"south": {"uv": [7, 4, 10, 5.5], "texture": "#2"},
				"west": {"uv": [9, 1.5, 11.5, 3], "texture": "#2"},
				"up": {"uv": [6, 2.5, 3, 0], "texture": "#2"},
				"down": {"uv": [6, 2.5, 3, 5], "texture": "#2"}
			}
		},
		{
			"from": [3.89568, -0.02, 6.29159],
			"to": [6.63568, 3.02, 10.33159],
			"rotation": {"angle": 0, "axis": "y", "origin": [9.11568, 0, 8.81159]},
			"faces": {
				"north": {"uv": [0, 8, 1.5, 9.5], "texture": "#2"},
				"east": {"uv": [4.5, 9, 6.5, 10.5], "texture": "#2"},
				"south": {"uv": [9.5, 5.5, 11, 7], "texture": "#2"},
				"west": {"uv": [0, 9.5, 2, 11], "texture": "#2"},
				"up": {"uv": [1.5, 8, 0, 6], "texture": "#2"},
				"down": {"uv": [3.5, 9.5, 2, 11.5], "texture": "#2"}
			}
		},
		{
			"from": [5.60568, -0.01, 4.30159],
			"to": [10.62568, 3.01, 9.32159],
			"rotation": {"angle": 0, "axis": "y", "origin": [9.11568, 0, 8.81159]},
			"faces": {
				"north": {"uv": [7, 5.5, 9.5, 7], "texture": "#2"},
				"east": {"uv": [7, 7, 9.5, 8.5], "texture": "#2"},
				"south": {"uv": [4.5, 7.5, 7, 9], "texture": "#2"},
				"west": {"uv": [8.5, 0, 11, 1.5], "texture": "#2"},
				"up": {"uv": [7, 7.5, 4.5, 5], "texture": "#2"},
				"down": {"uv": [8.5, 0, 6, 2.5], "texture": "#2"}
			}
		},
		{
			"from": [5.61568, 0, 7.31159],
			"to": [11.21568, 3.4, 12.31159],
			"rotation": {"angle": 0, "axis": "y", "origin": [9.11568, 0, 11.81159]},
			"faces": {
				"north": {"uv": [6, 2.5, 9, 4], "texture": "#2"},
				"east": {"uv": [7, 8.5, 9.5, 10], "texture": "#2"},
				"south": {"uv": [7, 4, 10, 5.5], "texture": "#2"},
				"west": {"uv": [9, 1.5, 11.5, 3], "texture": "#2"},
				"up": {"uv": [6, 2.5, 3, 0], "texture": "#2"},
				"down": {"uv": [6, 2.5, 3, 5], "texture": "#2"}
			}
		},
		{
			"from": [3.89568, -0.02, 6.29159],
			"to": [6.63568, 3.02, 10.33159],
			"rotation": {"angle": 0, "axis": "y", "origin": [9.11568, 0, 8.81159]},
			"faces": {
				"north": {"uv": [0, 8, 1.5, 9.5], "texture": "#2"},
				"east": {"uv": [4.5, 9, 6.5, 10.5], "texture": "#2"},
				"south": {"uv": [9.5, 5.5, 11, 7], "texture": "#2"},
				"west": {"uv": [0, 9.5, 2, 11], "texture": "#2"},
				"up": {"uv": [1.5, 8, 0, 6], "texture": "#2"},
				"down": {"uv": [3.5, 9.5, 2, 11.5], "texture": "#2"}
			}
		},
		{
			"from": [5.60568, -0.01, 4.30159],
			"to": [10.62568, 3.01, 9.32159],
			"rotation": {"angle": 0, "axis": "y", "origin": [9.11568, 0, 8.81159]},
			"faces": {
				"north": {"uv": [7, 5.5, 9.5, 7], "texture": "#2"},
				"east": {"uv": [7, 7, 9.5, 8.5], "texture": "#2"},
				"south": {"uv": [4.5, 7.5, 7, 9], "texture": "#2"},
				"west": {"uv": [8.5, 0, 11, 1.5], "texture": "#2"},
				"up": {"uv": [7, 7.5, 4.5, 5], "texture": "#2"},
				"down": {"uv": [8.5, 0, 6, 2.5], "texture": "#2"}
			}
		},
		{
			"from": [5.61568, 0, 7.31159],
			"to": [11.21568, 3.4, 12.31159],
			"rotation": {"angle": 0, "axis": "y", "origin": [9.11568, 0, 11.81159]},
			"faces": {
				"north": {"uv": [6, 2.5, 9, 4], "texture": "#2"},
				"east": {"uv": [7, 8.5, 9.5, 10], "texture": "#2"},
				"south": {"uv": [7, 4, 10, 5.5], "texture": "#2"},
				"west": {"uv": [9, 1.5, 11.5, 3], "texture": "#2"},
				"up": {"uv": [6, 2.5, 3, 0], "texture": "#2"},
				"down": {"uv": [6, 2.5, 3, 5], "texture": "#2"}
			}
		},
		{
			"from": [3.89568, -0.02, 6.29159],
			"to": [6.63568, 3.02, 10.33159],
			"rotation": {"angle": 0, "axis": "y", "origin": [9.11568, 0, 8.81159]},
			"faces": {
				"north": {"uv": [0, 8, 1.5, 9.5], "texture": "#2"},
				"east": {"uv": [4.5, 9, 6.5, 10.5], "texture": "#2"},
				"south": {"uv": [9.5, 5.5, 11, 7], "texture": "#2"},
				"west": {"uv": [0, 9.5, 2, 11], "texture": "#2"},
				"up": {"uv": [1.5, 8, 0, 6], "texture": "#2"},
				"down": {"uv": [3.5, 9.5, 2, 11.5], "texture": "#2"}
			}
		},
		{
			"from": [5.60568, -0.01, 4.30159],
			"to": [10.62568, 3.01, 9.32159],
			"rotation": {"angle": 0, "axis": "y", "origin": [9.11568, 0, 8.81159]},
			"faces": {
				"north": {"uv": [7, 5.5, 9.5, 7], "texture": "#2"},
				"east": {"uv": [7, 7, 9.5, 8.5], "texture": "#2"},
				"south": {"uv": [4.5, 7.5, 7, 9], "texture": "#2"},
				"west": {"uv": [8.5, 0, 11, 1.5], "texture": "#2"},
				"up": {"uv": [7, 7.5, 4.5, 5], "texture": "#2"},
				"down": {"uv": [8.5, 0, 6, 2.5], "texture": "#2"}
			}
		},
		{
			"from": [5.61568, 0, 7.31159],
			"to": [11.21568, 3.4, 12.31159],
			"rotation": {"angle": 0, "axis": "y", "origin": [9.11568, 0, 11.81159]},
			"faces": {
				"north": {"uv": [6, 2.5, 9, 4], "texture": "#2"},
				"east": {"uv": [7, 8.5, 9.5, 10], "texture": "#2"},
				"south": {"uv": [7, 4, 10, 5.5], "texture": "#2"},
				"west": {"uv": [9, 1.5, 11.5, 3], "texture": "#2"},
				"up": {"uv": [6, 2.5, 3, 0], "texture": "#2"},
				"down": {"uv": [6, 2.5, 3, 5], "texture": "#2"}
			}
		},
		{
			"from": [3.11568, 0, 5.81159],
			"to": [6.11568, 9, 8.81159],
			"rotation": {"angle": 32.5, "axis": "z", "origin": [4.61568, 5, 7.31159]},
			"faces": {
				"north": {"uv": [1.5, 5, 3, 9.5], "texture": "#2"},
				"east": {"uv": [3, 5, 1.5, 9.5], "texture": "#2"},
				"south": {"uv": [1.5, 5, 3, 9.5], "texture": "#2"},
				"west": {"uv": [3, 5, 1.5, 9.5], "texture": "#2"},
				"up": {"uv": [9.5, 7, 11, 8.5], "rotation": 90, "texture": "#2"},
				"down": {"uv": [9.5, 8.5, 11, 10], "texture": "#2"}
			}
		},
		{
			"from": [7.11568, 1, 9.31159],
			"to": [10.11568, 13, 12.31159],
			"rotation": {"angle": 17.5, "axis": "x", "origin": [8.61568, 6, 10.81159]},
			"faces": {
				"north": {"uv": [0, 0, 1.5, 6], "texture": "#2"},
				"east": {"uv": [1.5, 0, 0, 6], "texture": "#2"},
				"south": {"uv": [0, 0, 1.5, 6], "texture": "#2"},
				"west": {"uv": [1.5, 0, 0, 6], "texture": "#2"},
				"up": {"uv": [11, 8.5, 9.5, 7], "texture": "#2"},
				"down": {"uv": [11, 8.5, 9.5, 10], "texture": "#2"}
			}
		},
		{
			"from": [7.11568, 1, 4.31159],
			"to": [10.11568, 11, 7.31159],
			"rotation": {"angle": -22.5, "axis": "x", "origin": [8.61568, 6, 6.81159]},
			"faces": {
				"north": {"uv": [3, 0, 1.5, 5], "texture": "#2"},
				"east": {"uv": [1.5, 0, 3, 5], "texture": "#2"},
				"south": {"uv": [3, 0, 1.5, 5], "texture": "#2"},
				"west": {"uv": [1.5, 0, 3, 5], "texture": "#2"},
				"up": {"uv": [11, 8.5, 9.5, 7], "rotation": 90, "texture": "#2"},
				"down": {"uv": [11, 8.5, 9.5, 10], "texture": "#2"}
			}
		},
		{
			"from": [9.88432, 2, 6.81159],
			"to": [12.88432, 11, 9.81159],
			"rotation": {"angle": -32.5, "axis": "z", "origin": [11.38432, 7, 8.31159]},
			"faces": {
				"north": {"uv": [4.5, 5, 3, 9.5], "texture": "#2"},
				"east": {"uv": [3, 5, 4.5, 9.5], "texture": "#2"},
				"south": {"uv": [4.5, 5, 3, 9.5], "texture": "#2"},
				"west": {"uv": [3, 5, 4.5, 9.5], "texture": "#2"},
				"up": {"uv": [11, 8.5, 9.5, 7], "rotation": 90, "texture": "#2"},
				"down": {"uv": [11, 8.5, 9.5, 10], "texture": "#2"}
			}
		},
		{
			"from": [3.11568, 0, 5.81159],
			"to": [6.11568, 9, 8.81159],
			"rotation": {"angle": 32.5, "axis": "z", "origin": [4.61568, 5, 7.31159]},
			"faces": {
				"north": {"uv": [1.5, 5, 3, 9.5], "texture": "#2"},
				"east": {"uv": [3, 5, 1.5, 9.5], "texture": "#2"},
				"south": {"uv": [1.5, 5, 3, 9.5], "texture": "#2"},
				"west": {"uv": [3, 5, 1.5, 9.5], "texture": "#2"},
				"up": {"uv": [9.5, 7, 11, 8.5], "rotation": 90, "texture": "#2"},
				"down": {"uv": [9.5, 8.5, 11, 10], "texture": "#2"}
			}
		},
		{
			"from": [7.11568, 1, 9.31159],
			"to": [10.11568, 13, 12.31159],
			"rotation": {"angle": 17.5, "axis": "x", "origin": [8.61568, 6, 10.81159]},
			"faces": {
				"north": {"uv": [0, 0, 1.5, 6], "texture": "#2"},
				"east": {"uv": [1.5, 0, 0, 6], "texture": "#2"},
				"south": {"uv": [0, 0, 1.5, 6], "texture": "#2"},
				"west": {"uv": [1.5, 0, 0, 6], "texture": "#2"},
				"up": {"uv": [11, 8.5, 9.5, 7], "texture": "#2"},
				"down": {"uv": [11, 8.5, 9.5, 10], "texture": "#2"}
			}
		},
		{
			"from": [7.11568, 1, 4.31159],
			"to": [10.11568, 11, 7.31159],
			"rotation": {"angle": -22.5, "axis": "x", "origin": [8.61568, 6, 6.81159]},
			"faces": {
				"north": {"uv": [3, 0, 1.5, 5], "texture": "#2"},
				"east": {"uv": [1.5, 0, 3, 5], "texture": "#2"},
				"south": {"uv": [3, 0, 1.5, 5], "texture": "#2"},
				"west": {"uv": [1.5, 0, 3, 5], "texture": "#2"},
				"up": {"uv": [11, 8.5, 9.5, 7], "rotation": 90, "texture": "#2"},
				"down": {"uv": [11, 8.5, 9.5, 10], "texture": "#2"}
			}
		},
		{
			"from": [9.88432, 2, 6.81159],
			"to": [12.88432, 11, 9.81159],
			"rotation": {"angle": -32.5, "axis": "z", "origin": [11.38432, 7, 8.31159]},
			"faces": {
				"north": {"uv": [4.5, 5, 3, 9.5], "texture": "#2"},
				"east": {"uv": [3, 5, 4.5, 9.5], "texture": "#2"},
				"south": {"uv": [4.5, 5, 3, 9.5], "texture": "#2"},
				"west": {"uv": [3, 5, 4.5, 9.5], "texture": "#2"},
				"up": {"uv": [11, 8.5, 9.5, 7], "rotation": 90, "texture": "#2"},
				"down": {"uv": [11, 8.5, 9.5, 10], "texture": "#2"}
			}
		},
		{
			"from": [3.11568, 0, 5.81159],
			"to": [6.11568, 9, 8.81159],
			"rotation": {"angle": 32.5, "axis": "z", "origin": [4.61568, 5, 7.31159]},
			"faces": {
				"north": {"uv": [1.5, 5, 3, 9.5], "texture": "#2"},
				"east": {"uv": [3, 5, 1.5, 9.5], "texture": "#2"},
				"south": {"uv": [1.5, 5, 3, 9.5], "texture": "#2"},
				"west": {"uv": [3, 5, 1.5, 9.5], "texture": "#2"},
				"up": {"uv": [9.5, 7, 11, 8.5], "rotation": 90, "texture": "#2"},
				"down": {"uv": [9.5, 8.5, 11, 10], "texture": "#2"}
			}
		},
		{
			"from": [7.11568, 1, 9.31159],
			"to": [10.11568, 13, 12.31159],
			"rotation": {"angle": 17.5, "axis": "x", "origin": [8.61568, 6, 10.81159]},
			"faces": {
				"north": {"uv": [0, 0, 1.5, 6], "texture": "#2"},
				"east": {"uv": [1.5, 0, 0, 6], "texture": "#2"},
				"south": {"uv": [0, 0, 1.5, 6], "texture": "#2"},
				"west": {"uv": [1.5, 0, 0, 6], "texture": "#2"},
				"up": {"uv": [11, 8.5, 9.5, 7], "texture": "#2"},
				"down": {"uv": [11, 8.5, 9.5, 10], "texture": "#2"}
			}
		},
		{
			"from": [7.11568, 1, 4.31159],
			"to": [10.11568, 11, 7.31159],
			"rotation": {"angle": -22.5, "axis": "x", "origin": [8.61568, 6, 6.81159]},
			"faces": {
				"north": {"uv": [3, 0, 1.5, 5], "texture": "#2"},
				"east": {"uv": [1.5, 0, 3, 5], "texture": "#2"},
				"south": {"uv": [3, 0, 1.5, 5], "texture": "#2"},
				"west": {"uv": [1.5, 0, 3, 5], "texture": "#2"},
				"up": {"uv": [11, 8.5, 9.5, 7], "rotation": 90, "texture": "#2"},
				"down": {"uv": [11, 8.5, 9.5, 10], "texture": "#2"}
			}
		},
		{
			"from": [9.88432, 2, 6.81159],
			"to": [12.88432, 11, 9.81159],
			"rotation": {"angle": -32.5, "axis": "z", "origin": [11.38432, 7, 8.31159]},
			"faces": {
				"north": {"uv": [4.5, 5, 3, 9.5], "texture": "#2"},
				"east": {"uv": [3, 5, 4.5, 9.5], "texture": "#2"},
				"south": {"uv": [4.5, 5, 3, 9.5], "texture": "#2"},
				"west": {"uv": [3, 5, 4.5, 9.5], "texture": "#2"},
				"up": {"uv": [11, 8.5, 9.5, 7], "rotation": 90, "texture": "#2"},
				"down": {"uv": [11, 8.5, 9.5, 10], "texture": "#2"}
			}
		},
		{
			"from": [3.11568, 0, 5.81159],
			"to": [6.11568, 9, 8.81159],
			"rotation": {"angle": 32.5, "axis": "z", "origin": [4.61568, 5, 7.31159]},
			"faces": {
				"north": {"uv": [1.5, 5, 3, 9.5], "texture": "#2"},
				"east": {"uv": [3, 5, 1.5, 9.5], "texture": "#2"},
				"south": {"uv": [1.5, 5, 3, 9.5], "texture": "#2"},
				"west": {"uv": [3, 5, 1.5, 9.5], "texture": "#2"},
				"up": {"uv": [9.5, 7, 11, 8.5], "rotation": 90, "texture": "#2"},
				"down": {"uv": [9.5, 8.5, 11, 10], "texture": "#2"}
			}
		},
		{
			"from": [7.11568, 1, 9.31159],
			"to": [10.11568, 13, 12.31159],
			"rotation": {"angle": 17.5, "axis": "x", "origin": [8.61568, 6, 10.81159]},
			"faces": {
				"north": {"uv": [0, 0, 1.5, 6], "texture": "#2"},
				"east": {"uv": [1.5, 0, 0, 6], "texture": "#2"},
				"south": {"uv": [0, 0, 1.5, 6], "texture": "#2"},
				"west": {"uv": [1.5, 0, 0, 6], "texture": "#2"},
				"up": {"uv": [11, 8.5, 9.5, 7], "texture": "#2"},
				"down": {"uv": [11, 8.5, 9.5, 10], "texture": "#2"}
			}
		},
		{
			"from": [7.11568, 1, 4.31159],
			"to": [10.11568, 11, 7.31159],
			"rotation": {"angle": -22.5, "axis": "x", "origin": [8.61568, 6, 6.81159]},
			"faces": {
				"north": {"uv": [3, 0, 1.5, 5], "texture": "#2"},
				"east": {"uv": [1.5, 0, 3, 5], "texture": "#2"},
				"south": {"uv": [3, 0, 1.5, 5], "texture": "#2"},
				"west": {"uv": [1.5, 0, 3, 5], "texture": "#2"},
				"up": {"uv": [11, 8.5, 9.5, 7], "rotation": 90, "texture": "#2"},
				"down": {"uv": [11, 8.5, 9.5, 10], "texture": "#2"}
			}
		},
		{
			"from": [9.88432, 2, 6.81159],
			"to": [12.88432, 11, 9.81159],
			"rotation": {"angle": -32.5, "axis": "z", "origin": [11.38432, 7, 8.31159]},
			"faces": {
				"north": {"uv": [4.5, 5, 3, 9.5], "texture": "#2"},
				"east": {"uv": [3, 5, 4.5, 9.5], "texture": "#2"},
				"south": {"uv": [4.5, 5, 3, 9.5], "texture": "#2"},
				"west": {"uv": [3, 5, 4.5, 9.5], "texture": "#2"},
				"up": {"uv": [11, 8.5, 9.5, 7], "rotation": 90, "texture": "#2"},
				"down": {"uv": [11, 8.5, 9.5, 10], "texture": "#2"}
			}
		},
		{
			"from": [3.11568, 0, 5.81159],
			"to": [6.11568, 9, 8.81159],
			"rotation": {"angle": 32.5, "axis": "z", "origin": [4.61568, 5, 7.31159]},
			"faces": {
				"north": {"uv": [1.5, 5, 3, 9.5], "texture": "#2"},
				"east": {"uv": [3, 5, 1.5, 9.5], "texture": "#2"},
				"south": {"uv": [1.5, 5, 3, 9.5], "texture": "#2"},
				"west": {"uv": [3, 5, 1.5, 9.5], "texture": "#2"},
				"up": {"uv": [9.5, 7, 11, 8.5], "rotation": 90, "texture": "#2"},
				"down": {"uv": [9.5, 8.5, 11, 10], "texture": "#2"}
			}
		},
		{
			"from": [7.11568, 1, 9.31159],
			"to": [10.11568, 13, 12.31159],
			"rotation": {"angle": 17.5, "axis": "x", "origin": [8.61568, 6, 10.81159]},
			"faces": {
				"north": {"uv": [0, 0, 1.5, 6], "texture": "#2"},
				"east": {"uv": [1.5, 0, 0, 6], "texture": "#2"},
				"south": {"uv": [0, 0, 1.5, 6], "texture": "#2"},
				"west": {"uv": [1.5, 0, 0, 6], "texture": "#2"},
				"up": {"uv": [11, 8.5, 9.5, 7], "texture": "#2"},
				"down": {"uv": [11, 8.5, 9.5, 10], "texture": "#2"}
			}
		},
		{
			"from": [7.11568, 1, 4.31159],
			"to": [10.11568, 11, 7.31159],
			"rotation": {"angle": -22.5, "axis": "x", "origin": [8.61568, 6, 6.81159]},
			"faces": {
				"north": {"uv": [3, 0, 1.5, 5], "texture": "#2"},
				"east": {"uv": [1.5, 0, 3, 5], "texture": "#2"},
				"south": {"uv": [3, 0, 1.5, 5], "texture": "#2"},
				"west": {"uv": [1.5, 0, 3, 5], "texture": "#2"},
				"up": {"uv": [11, 8.5, 9.5, 7], "rotation": 90, "texture": "#2"},
				"down": {"uv": [11, 8.5, 9.5, 10], "texture": "#2"}
			}
		},
		{
			"from": [9.88432, 2, 6.81159],
			"to": [12.88432, 11, 9.81159],
			"rotation": {"angle": -32.5, "axis": "z", "origin": [11.38432, 7, 8.31159]},
			"faces": {
				"north": {"uv": [4.5, 5, 3, 9.5], "texture": "#2"},
				"east": {"uv": [3, 5, 4.5, 9.5], "texture": "#2"},
				"south": {"uv": [4.5, 5, 3, 9.5], "texture": "#2"},
				"west": {"uv": [3, 5, 4.5, 9.5], "texture": "#2"},
				"up": {"uv": [11, 8.5, 9.5, 7], "rotation": 90, "texture": "#2"},
				"down": {"uv": [11, 8.5, 9.5, 10], "texture": "#2"}
			}
		}
	],
	"display": {
		"thirdperson_righthand": {
			"rotation": [0, -180, 0],
			"translation": [-0.25, 4.31, 1.5],
			"scale": [0.57, 0.54, 0.57]
		},
		"thirdperson_lefthand": {
			"rotation": [0, -180, 0],
			"translation": [0.25, 4.31, 1.5],
			"scale": [0.57, 0.54, 0.57]
		},
		"firstperson_righthand": {
			"rotation": [0.73, 114, -0.13],
			"translation": [-3.25, 5.75, 4.5],
			"scale": [0.31, 0.31, 0.31]
		},
		"firstperson_lefthand": {
			"rotation": [0.73, 114, -0.13],
			"translation": [-3.25, 5.75, 4.5],
			"scale": [0.31, 0.31, 0.31]
		}
	},
	"groups": [
		{
			"name": "crystal base",
			"origin": [9.11568, 0, 8.81159],
			"color": 0,
			"children": [
				0,
				1,
				2,
				{
					"name": "crystal base",
					"origin": [9.11568, 0, 8.81159],
					"color": 0,
					"children": [3, 4, 5]
				},
				{
					"name": "crystal base",
					"origin": [9.11568, 0, 8.81159],
					"color": 0,
					"children": [6, 7, 8]
				},
				{
					"name": "crystal base",
					"origin": [9.11568, 0, 8.81159],
					"color": 0,
					"children": [9, 10, 11]
				},
				{
					"name": "crystal base",
					"origin": [9.11568, 0, 8.81159],
					"color": 0,
					"children": [12, 13, 14]
				}
			]
		},
		{
			"name": "crystal arms",
			"origin": [4.61568, 5, 7.31159],
			"color": 0,
			"children": [
				15,
				16,
				17,
				18,
				{
					"name": "crystal arms",
					"origin": [4.61568, 5, 7.31159],
					"color": 0,
					"children": [19, 20, 21, 22]
				},
				{
					"name": "crystal arms",
					"origin": [4.61568, 5, 7.31159],
					"color": 0,
					"children": [23, 24, 25, 26]
				},
				{
					"name": "crystal arms",
					"origin": [4.61568, 5, 7.31159],
					"color": 0,
					"children": [27, 28, 29, 30]
				},
				{
					"name": "crystal arms",
					"origin": [4.61568, 5, 7.31159],
					"color": 0,
					"children": [31, 32, 33, 34]
				}
			]
		}
	]
}