{
	"format_version": "1.21.6",
	"credit": "Made with Blockbench",
	"texture_size": [32, 32],
	"textures": {
		"1": "item/raw_copper_hand"
	},
	"elements": [
		{
			"from": [7.05, 0, 5],
			"to": [12.05, 4, 11],
			"light_emission": 15,
			"rotation": {"angle": 0, "axis": "y", "origin": [7.05, 0, 9]},
			"faces": {
				"north": {"uv": [0, 5, 2.5, 7], "texture": "#1"},
				"east": {"uv": [0, 3, 3, 5], "texture": "#1"},
				"south": {"uv": [5, 0, 7.5, 2], "texture": "#1"},
				"west": {"uv": [3, 3, 6, 5], "texture": "#1"},
				"up": {"uv": [2.5, 3, 0, 0], "texture": "#1"},
				"down": {"uv": [5, 0, 2.5, 3], "texture": "#1"}
			}
		},
		{
			"from": [5.05, 0.025, 6],
			"to": [8.05, 3, 10],
			"light_emission": 15,
			"rotation": {"angle": 0, "axis": "y", "origin": [6.55, 1.5, 8]},
			"faces": {
				"north": {"uv": [4, 6.5, 5.5, 8], "texture": "#1"},
				"east": {"uv": [2.5, 5, 4.5, 6.5], "texture": "#1"},
				"south": {"uv": [6.5, 4, 8, 5.5], "texture": "#1"},
				"west": {"uv": [4.5, 5, 6.5, 6.5], "texture": "#1"},
				"up": {"uv": [7.5, 4, 6, 2], "texture": "#1"},
				"down": {"uv": [4, 6.5, 2.5, 8.5], "texture": "#1"}
			}
		},
		{
			"from": [10, 2, 4],
			"to": [13, 4.5, 7],
			"light_emission": 15,
			"rotation": {"angle": 0, "axis": "y", "origin": [11, 3, 5]},
			"faces": {
				"north": {"uv": [5.5, 6.5, 7, 8], "texture": "#1"},
				"east": {"uv": [0, 7, 1.5, 8.5], "texture": "#1"},
				"south": {"uv": [7, 5.5, 8.5, 7], "texture": "#1"},
				"west": {"uv": [7, 7, 8.5, 8.5], "texture": "#1"},
				"up": {"uv": [9, 1.5, 7.5, 0], "texture": "#1"},
				"down": {"uv": [9, 1.5, 7.5, 3], "texture": "#1"}
			}
		},
		{
			"name": "cube_outline",
			"from": [12.25, 4.2, 11.2],
			"to": [6.85, -0.2, 4.8],
			"rotation": {"angle": 0, "axis": "y", "origin": [7.05, 0, 9]},
			"faces": {
				"north": {"uv": [0, 9, 1.5, 10.5], "rotation": 180, "texture": "#1"},
				"east": {"uv": [0, 9, 1.5, 10.5], "rotation": 180, "texture": "#1"},
				"south": {"uv": [0, 9, 1.5, 10.5], "rotation": 180, "texture": "#1"},
				"west": {"uv": [0, 9, 1.5, 10.5], "rotation": 180, "texture": "#1"},
				"up": {"uv": [1.5, 9, 0, 10.5], "rotation": 180, "texture": "#1"},
				"down": {"uv": [1.5, 10.5, 0, 9], "rotation": 180, "texture": "#1"}
			}
		},
		{
			"name": "cube_outline",
			"from": [8.25, 3.2, 10.2],
			"to": [4.85, -0.175, 5.8],
			"rotation": {"angle": 0, "axis": "y", "origin": [6.55, 1.5, 8]},
			"faces": {
				"north": {"uv": [1.5, 9, 3, 10.5], "rotation": 180, "texture": "#1"},
				"east": {"uv": [1.5, 9, 3, 10.5], "rotation": 180, "texture": "#1"},
				"south": {"uv": [1.5, 9, 3, 10.5], "rotation": 180, "texture": "#1"},
				"west": {"uv": [3, 9, 4.5, 10.5], "rotation": 180, "texture": "#1"},
				"up": {"uv": [3, 9, 1.5, 10.5], "rotation": 180, "texture": "#1"},
				"down": {"uv": [3, 10.5, 1.5, 9], "rotation": 180, "texture": "#1"}
			}
		},
		{
			"name": "cube_outline",
			"from": [13.2, 4.7, 7.2],
			"to": [9.8, 1.8, 3.8],
			"rotation": {"angle": 0, "axis": "y", "origin": [11, 3, 5]},
			"faces": {
				"north": {"uv": [1.5, 9, 3, 10.5], "rotation": 180, "texture": "#1"},
				"east": {"uv": [1.5, 9, 3, 10.5], "rotation": 180, "texture": "#1"},
				"south": {"uv": [1.5, 9, 3, 10.5], "rotation": 180, "texture": "#1"},
				"west": {"uv": [1.5, 9, 3, 10.5], "rotation": 180, "texture": "#1"},
				"up": {"uv": [3, 9, 1.5, 10.5], "rotation": 180, "texture": "#1"},
				"down": {"uv": [3, 10.5, 1.5, 9], "rotation": 180, "texture": "#1"}
			}
		},
		{
			"name": "cube_outline",
			"from": [12.25, 4.2, 11.2],
			"to": [6.85, -0.2, 4.8],
			"rotation": {"angle": 0, "axis": "y", "origin": [7.05, 0, 9]},
			"faces": {
				"north": {"uv": [0, 9, 1.5, 10.5], "rotation": 180, "texture": "#1"},
				"east": {"uv": [0, 9, 1.5, 10.5], "rotation": 180, "texture": "#1"},
				"south": {"uv": [0, 9, 1.5, 10.5], "rotation": 180, "texture": "#1"},
				"west": {"uv": [0, 9, 1.5, 10.5], "rotation": 180, "texture": "#1"},
				"up": {"uv": [1.5, 9, 0, 10.5], "rotation": 180, "texture": "#1"},
				"down": {"uv": [1.5, 10.5, 0, 9], "rotation": 180, "texture": "#1"}
			}
		},
		{
			"name": "cube_outline",
			"from": [8.25, 3.2, 10.2],
			"to": [4.85, -0.175, 5.8],
			"rotation": {"angle": 0, "axis": "y", "origin": [6.55, 1.5, 8]},
			"faces": {
				"north": {"uv": [1.5, 9, 3, 10.5], "rotation": 180, "texture": "#1"},
				"east": {"uv": [1.5, 9, 3, 10.5], "rotation": 180, "texture": "#1"},
				"south": {"uv": [1.5, 9, 3, 10.5], "rotation": 180, "texture": "#1"},
				"west": {"uv": [3, 9, 4.5, 10.5], "rotation": 180, "texture": "#1"},
				"up": {"uv": [3, 9, 1.5, 10.5], "rotation": 180, "texture": "#1"},
				"down": {"uv": [3, 10.5, 1.5, 9], "rotation": 180, "texture": "#1"}
			}
		},
		{
			"name": "cube_outline",
			"from": [13.2, 4.7, 7.2],
			"to": [9.8, 1.8, 3.8],
			"rotation": {"angle": 0, "axis": "y", "origin": [11, 3, 5]},
			"faces": {
				"north": {"uv": [1.5, 9, 3, 10.5], "rotation": 180, "texture": "#1"},
				"east": {"uv": [1.5, 9, 3, 10.5], "rotation": 180, "texture": "#1"},
				"south": {"uv": [1.5, 9, 3, 10.5], "rotation": 180, "texture": "#1"},
				"west": {"uv": [1.5, 9, 3, 10.5], "rotation": 180, "texture": "#1"},
				"up": {"uv": [3, 9, 1.5, 10.5], "rotation": 180, "texture": "#1"},
				"down": {"uv": [3, 10.5, 1.5, 9], "rotation": 180, "texture": "#1"}
			}
		},
		{
			"name": "cube_outline",
			"from": [12.25, 4.2, 11.2],
			"to": [6.85, -0.2, 4.8],
			"rotation": {"angle": 0, "axis": "y", "origin": [7.05, 0, 9]},
			"faces": {
				"north": {"uv": [0, 9, 1.5, 10.5], "rotation": 180, "texture": "#1"},
				"east": {"uv": [0, 9, 1.5, 10.5], "rotation": 180, "texture": "#1"},
				"south": {"uv": [0, 9, 1.5, 10.5], "rotation": 180, "texture": "#1"},
				"west": {"uv": [0, 9, 1.5, 10.5], "rotation": 180, "texture": "#1"},
				"up": {"uv": [1.5, 9, 0, 10.5], "rotation": 180, "texture": "#1"},
				"down": {"uv": [1.5, 10.5, 0, 9], "rotation": 180, "texture": "#1"}
			}
		},
		{
			"name": "cube_outline",
			"from": [8.25, 3.2, 10.2],
			"to": [4.85, -0.175, 5.8],
			"rotation": {"angle": 0, "axis": "y", "origin": [6.55, 1.5, 8]},
			"faces": {
				"north": {"uv": [1.5, 9, 3, 10.5], "rotation": 180, "texture": "#1"},
				"east": {"uv": [1.5, 9, 3, 10.5], "rotation": 180, "texture": "#1"},
				"south": {"uv": [1.5, 9, 3, 10.5], "rotation": 180, "texture": "#1"},
				"west": {"uv": [3, 9, 4.5, 10.5], "rotation": 180, "texture": "#1"},
				"up": {"uv": [3, 9, 1.5, 10.5], "rotation": 180, "texture": "#1"},
				"down": {"uv": [3, 10.5, 1.5, 9], "rotation": 180, "texture": "#1"}
			}
		},
		{
			"name": "cube_outline",
			"from": [13.2, 4.7, 7.2],
			"to": [9.8, 1.8, 3.8],
			"rotation": {"angle": 0, "axis": "y", "origin": [11, 3, 5]},
			"faces": {
				"north": {"uv": [1.5, 9, 3, 10.5], "rotation": 180, "texture": "#1"},
				"east": {"uv": [1.5, 9, 3, 10.5], "rotation": 180, "texture": "#1"},
				"south": {"uv": [1.5, 9, 3, 10.5], "rotation": 180, "texture": "#1"},
				"west": {"uv": [1.5, 9, 3, 10.5], "rotation": 180, "texture": "#1"},
				"up": {"uv": [3, 9, 1.5, 10.5], "rotation": 180, "texture": "#1"},
				"down": {"uv": [3, 10.5, 1.5, 9], "rotation": 180, "texture": "#1"}
			}
		}
	],
	"display": {
		"thirdperson_righthand": {
			"translation": [-1.25, 5.75, 1],
			"scale": [0.72, 0.72, 0.72]
		},
		"thirdperson_lefthand": {
			"rotation": [0, 180, 0],
			"translation": [-1.25, 5.75, 1],
			"scale": [0.72, 0.72, 0.72]
		},
		"firstperson_righthand": {
			"rotation": [-0.75, 14.98, 0.02],
			"translation": [-3, 7, 4.5],
			"scale": [0.47, 0.44, 0.42]
		},
		"firstperson_lefthand": {
			"rotation": [-0.75, 14.98, 0.02],
			"translation": [-3, 7, 4.5],
			"scale": [0.47, 0.44, 0.42]
		}
	},
	"groups": [
		0,
		1,
		2,
		{
			"name": "group",
			"origin": [7.05, 0, 9],
			"color": 0,
			"children": [
				3,
				4,
				5,
				{
					"name": "group",
					"origin": [7.05, 0, 9],
					"color": 0,
					"children": [6, 7, 8]
				},
				{
					"name": "group",
					"origin": [7.05, 0, 9],
					"color": 0,
					"children": [9, 10, 11]
				}
			]
		}
	]
}