{
	"format_version": "1.21.6",
	"credit": "Made with Blockbench",
	"textures": {
		"1": "item/bucket_salmon_body",
		"3": "item/bucket_hand"
	},
	"elements": [
		{
			"name": "body_front",
			"from": [6.66046, 8.3837, 4.65542],
			"to": [9.33954, 13.24883, 11.79962],
			"rotation": {"angle": 32, "axis": "x", "origin": [8, 12.24009, 7.70088]},
			"faces": {
				"north": {"uv": [8.5, 1.25, 8.875, 1.875], "texture": "#1"},
				"east": {"uv": [8.5, 0, 9.5, 0.625], "texture": "#1"},
				"south": {"uv": [8.875, 1.25, 9.25, 1.875], "texture": "#1"},
				"west": {"uv": [8.5, 0.625, 9.5, 1.25], "texture": "#1"},
				"up": {"uv": [9.875, 1, 9.5, 0], "texture": "#1"},
				"down": {"uv": [9.875, 1, 9.5, 2], "texture": "#1"}
			}
		},
		{
			"name": "dorsal_front",
			"from": [8, 12.84883, 10.01357],
			"to": [8, 15.03488, 12.90212],
			"rotation": {"angle": 32, "axis": "x", "origin": [8, 12.24009, 7.70088]},
			"faces": {
				"north": {"uv": [8.5, 0, 8.5, 0.25], "texture": "#1"},
				"east": {"uv": [10.25, 1.75, 9.875, 2], "texture": "#1"},
				"south": {"uv": [8.5, 0, 8.5, 0.25], "texture": "#1"},
				"west": {"uv": [9.875, 1.75, 10.25, 2], "texture": "#1"},
				"up": {"uv": [8.5, 0, 8.5, 0.25], "texture": "#1"},
				"down": {"uv": [8.5, 0, 8.5, 0.25], "texture": "#1"}
			}
		},
		{
			"name": "head",
			"from": [7.10697, 8.8701, 2.01652],
			"to": [8.89303, 12.8172, 4.6956],
			"rotation": {"angle": 32, "axis": "x", "origin": [8, 12.24009, 7.70088]},
			"faces": {
				"north": {"uv": [9.25, 1.25, 9.5, 1.75], "texture": "#1"},
				"east": {"uv": [9.875, 0, 10.25, 0.5], "texture": "#1"},
				"south": {"uv": [9.875, 1, 10.125, 1.5], "texture": "#1"},
				"west": {"uv": [9.875, 0.5, 10.25, 1], "texture": "#1"},
				"up": {"uv": [10.5, 0.375, 10.25, 0], "texture": "#1"},
				"down": {"uv": [10.5, 0.375, 10.25, 0.75], "texture": "#1"}
			}
		},
		{
			"name": "body_front",
			"from": [6.66046, 8.2969, 4.72298],
			"to": [9.33954, 13.16203, 11.86718],
			"rotation": {"angle": 30, "axis": "x", "origin": [8, 12.31509, 7.65088]},
			"faces": {
				"north": {"uv": [6.375, 1.25, 6.75, 1.875], "texture": "#1"},
				"east": {"uv": [6.375, 0, 7.375, 0.625], "texture": "#1"},
				"south": {"uv": [6.75, 1.25, 7.125, 1.875], "texture": "#1"},
				"west": {"uv": [6.375, 0.625, 7.375, 1.25], "texture": "#1"},
				"up": {"uv": [7.75, 1, 7.375, 0], "texture": "#1"},
				"down": {"uv": [7.75, 1, 7.375, 2], "texture": "#1"}
			}
		},
		{
			"name": "dorsal_front",
			"from": [8, 12.76203, 10.08113],
			"to": [8, 14.94808, 12.96968],
			"rotation": {"angle": 30, "axis": "x", "origin": [8, 12.31509, 7.65088]},
			"faces": {
				"north": {"uv": [6.375, 0, 6.375, 0.25], "texture": "#1"},
				"east": {"uv": [8.125, 1.75, 7.75, 2], "texture": "#1"},
				"south": {"uv": [6.375, 0, 6.375, 0.25], "texture": "#1"},
				"west": {"uv": [7.75, 1.75, 8.125, 2], "texture": "#1"},
				"up": {"uv": [6.375, 0, 6.375, 0.25], "texture": "#1"},
				"down": {"uv": [6.375, 0, 6.375, 0.25], "texture": "#1"}
			}
		},
		{
			"name": "head",
			"from": [7.10697, 8.7833, 2.08407],
			"to": [8.89303, 12.7304, 4.76315],
			"rotation": {"angle": 30, "axis": "x", "origin": [8, 12.31509, 7.65088]},
			"faces": {
				"north": {"uv": [7.125, 1.25, 7.375, 1.75], "texture": "#1"},
				"east": {"uv": [7.75, 0, 8.125, 0.5], "texture": "#1"},
				"south": {"uv": [7.75, 1, 8, 1.5], "texture": "#1"},
				"west": {"uv": [7.75, 0.5, 8.125, 1], "texture": "#1"},
				"up": {"uv": [8.375, 0.375, 8.125, 0], "texture": "#1"},
				"down": {"uv": [8.375, 0.375, 8.125, 0.75], "texture": "#1"}
			}
		},
		{
			"name": "body_front",
			"from": [6.66046, 8.14538, 4.92915],
			"to": [9.33954, 13.0105, 12.07335],
			"rotation": {"angle": 35, "axis": "x", "origin": [8, 12.31509, 7.65088]},
			"faces": {
				"north": {"uv": [4.25, 1.25, 4.625, 1.875], "texture": "#1"},
				"east": {"uv": [4.25, 0, 5.25, 0.625], "texture": "#1"},
				"south": {"uv": [4.625, 1.25, 5, 1.875], "texture": "#1"},
				"west": {"uv": [4.25, 0.625, 5.25, 1.25], "texture": "#1"},
				"up": {"uv": [5.625, 1, 5.25, 0], "texture": "#1"},
				"down": {"uv": [5.625, 1, 5.25, 2], "texture": "#1"}
			}
		},
		{
			"name": "dorsal_front",
			"from": [8, 12.6105, 10.2873],
			"to": [8, 14.79655, 13.17585],
			"rotation": {"angle": 35, "axis": "x", "origin": [8, 12.31509, 7.65088]},
			"faces": {
				"north": {"uv": [4.25, 0, 4.25, 0.25], "texture": "#1"},
				"east": {"uv": [6, 1.75, 5.625, 2], "texture": "#1"},
				"south": {"uv": [4.25, 0, 4.25, 0.25], "texture": "#1"},
				"west": {"uv": [5.625, 1.75, 6, 2], "texture": "#1"},
				"up": {"uv": [4.25, 0, 4.25, 0.25], "texture": "#1"},
				"down": {"uv": [4.25, 0, 4.25, 0.25], "texture": "#1"}
			}
		},
		{
			"name": "head",
			"from": [7.10697, 8.63177, 2.29024],
			"to": [8.89303, 12.57887, 4.96932],
			"rotation": {"angle": 35, "axis": "x", "origin": [8, 12.31509, 7.65088]},
			"faces": {
				"north": {"uv": [5, 1.25, 5.25, 1.75], "texture": "#1"},
				"east": {"uv": [5.625, 0, 6, 0.5], "texture": "#1"},
				"south": {"uv": [5.625, 1, 5.875, 1.5], "texture": "#1"},
				"west": {"uv": [5.625, 0.5, 6, 1], "texture": "#1"},
				"up": {"uv": [6.25, 0.375, 6, 0], "texture": "#1"},
				"down": {"uv": [6.25, 0.375, 6, 0.75], "texture": "#1"}
			}
		},
		{
			"name": "body_front",
			"from": [6.66046, 8.17771, 4.9503],
			"to": [9.33954, 13.04283, 12.0945],
			"rotation": {"angle": 37.5, "axis": "x", "origin": [8, 12.31509, 7.65088]},
			"faces": {
				"north": {"uv": [2.125, 1.25, 2.5, 1.875], "texture": "#1"},
				"east": {"uv": [2.125, 0, 3.125, 0.625], "texture": "#1"},
				"south": {"uv": [2.5, 1.25, 2.875, 1.875], "texture": "#1"},
				"west": {"uv": [2.125, 0.625, 3.125, 1.25], "texture": "#1"},
				"up": {"uv": [3.5, 1, 3.125, 0], "texture": "#1"},
				"down": {"uv": [3.5, 1, 3.125, 2], "texture": "#1"}
			}
		},
		{
			"name": "dorsal_front",
			"from": [8, 12.64283, 10.30845],
			"to": [8, 14.82888, 13.197],
			"rotation": {"angle": 37.5, "axis": "x", "origin": [8, 12.31509, 7.65088]},
			"faces": {
				"north": {"uv": [2.125, 0, 2.125, 0.25], "texture": "#1"},
				"east": {"uv": [3.875, 1.75, 3.5, 2], "texture": "#1"},
				"south": {"uv": [2.125, 0, 2.125, 0.25], "texture": "#1"},
				"west": {"uv": [3.5, 1.75, 3.875, 2], "texture": "#1"},
				"up": {"uv": [2.125, 0, 2.125, 0.25], "texture": "#1"},
				"down": {"uv": [2.125, 0, 2.125, 0.25], "texture": "#1"}
			}
		},
		{
			"name": "head",
			"from": [7.10697, 8.67432, 2.29838],
			"to": [8.89303, 12.62142, 4.97746],
			"rotation": {"angle": 37.5, "axis": "x", "origin": [8, 12.31509, 7.65088]},
			"faces": {
				"north": {"uv": [2.875, 1.25, 3.125, 1.75], "texture": "#1"},
				"east": {"uv": [3.5, 0, 3.875, 0.5], "texture": "#1"},
				"south": {"uv": [3.5, 1, 3.75, 1.5], "texture": "#1"},
				"west": {"uv": [3.5, 0.5, 3.875, 1], "texture": "#1"},
				"up": {"uv": [4.125, 0.375, 3.875, 0], "texture": "#1"},
				"down": {"uv": [4.125, 0.375, 3.875, 0.75], "texture": "#1"}
			}
		},
		{
			"name": "body_front",
			"from": [6.66046, 8.41261, 4.8123],
			"to": [9.33954, 13.27774, 11.9565],
			"rotation": {"angle": 34, "axis": "x", "origin": [8, 12.31509, 7.65088]},
			"faces": {
				"north": {"uv": [0, 1.25, 0.375, 1.875], "texture": "#1"},
				"east": {"uv": [0, 0, 1, 0.625], "texture": "#1"},
				"south": {"uv": [0.375, 1.25, 0.75, 1.875], "texture": "#1"},
				"west": {"uv": [0, 0.625, 1, 1.25], "texture": "#1"},
				"up": {"uv": [1.375, 1, 1, 0], "texture": "#1"},
				"down": {"uv": [1.375, 1, 1, 2], "texture": "#1"}
			}
		},
		{
			"name": "dorsal_front",
			"from": [8, 12.87774, 10.17045],
			"to": [8, 15.06379, 13.059],
			"rotation": {"angle": 34, "axis": "x", "origin": [8, 12.31509, 7.65088]},
			"faces": {
				"north": {"uv": [0, 0, 0, 0.25], "texture": "#1"},
				"east": {"uv": [1.75, 1.75, 1.375, 2], "texture": "#1"},
				"south": {"uv": [0, 0, 0, 0.25], "texture": "#1"},
				"west": {"uv": [1.375, 1.75, 1.75, 2], "texture": "#1"},
				"up": {"uv": [0, 0, 0, 0.25], "texture": "#1"},
				"down": {"uv": [0, 0, 0, 0.25], "texture": "#1"}
			}
		},
		{
			"name": "head",
			"from": [7.10697, 8.90862, 2.18772],
			"to": [8.89303, 12.88072, 4.86679],
			"rotation": {"angle": 34, "axis": "x", "origin": [8, 12.31509, 7.65088]},
			"faces": {
				"north": {"uv": [0.75, 1.25, 1, 1.75], "texture": "#1"},
				"east": {"uv": [1.375, 0, 1.75, 0.5], "texture": "#1"},
				"south": {"uv": [1.375, 1, 1.625, 1.5], "texture": "#1"},
				"west": {"uv": [1.375, 0.5, 1.75, 1], "texture": "#1"},
				"up": {"uv": [2, 0.375, 1.75, 0], "texture": "#1"},
				"down": {"uv": [2, 0.375, 1.75, 0.75], "texture": "#1"}
			}
		},
		{
			"from": [4, 10, 4],
			"to": [12, 10, 12],
			"rotation": {"angle": 45, "axis": "y", "origin": [8, 5.5, 8]},
			"faces": {
				"north": {"uv": [0, 0, 8, 0], "texture": "#3"},
				"east": {"uv": [0, 0, 8, 0], "texture": "#3"},
				"south": {"uv": [0, 0, 8, 0], "texture": "#3"},
				"west": {"uv": [0, 0, 8, 0], "texture": "#3"},
				"up": {"uv": [16, 8, 12, 4], "texture": "#3"},
				"down": {"uv": [16, 4, 12, 8], "texture": "#3"}
			}
		},
		{
			"from": [3, 2, 3],
			"to": [12, 11, 4],
			"rotation": {"angle": 45, "axis": "y", "origin": [8, 5.5, 8]},
			"faces": {
				"north": {"uv": [4.5, 0, 9, 4.5], "texture": "#3"},
				"east": {"uv": [1, 9, 1.5, 13.5], "texture": "#3"},
				"south": {"uv": [0, 0, 4.5, 4.5], "texture": "#3"},
				"west": {"uv": [0, 9, 0.5, 13.5], "texture": "#3"},
				"up": {"uv": [9, 4.5, 9.5, 0], "rotation": 90, "texture": "#3"},
				"down": {"uv": [3.5, 9.5, 3, 10], "texture": "#3"}
			}
		},
		{
			"from": [3, 2, 4],
			"to": [4, 11, 13],
			"rotation": {"angle": 45, "axis": "y", "origin": [8, 5.5, 8]},
			"faces": {
				"north": {"uv": [1.5, 9, 2, 13.5], "texture": "#3"},
				"east": {"uv": [0, 0, 4.5, 4.5], "texture": "#3"},
				"south": {"uv": [0, 9, 0.5, 13.5], "texture": "#3"},
				"west": {"uv": [0, 4.5, 4.5, 9], "texture": "#3"},
				"up": {"uv": [9.5, 4.5, 9, 0], "texture": "#3"},
				"down": {"uv": [1, 9, 0.5, 13.5], "texture": "#3"}
			}
		},
		{
			"from": [4, 2, 12],
			"to": [13, 11, 13],
			"rotation": {"angle": 45, "axis": "y", "origin": [8, 5.5, 8]},
			"faces": {
				"north": {"uv": [0, 0, 4.5, 4.5], "texture": "#3"},
				"east": {"uv": [0, 9, 0.5, 13.5], "texture": "#3"},
				"south": {"uv": [0, 4.5, 4.5, 9], "texture": "#3"},
				"west": {"uv": [1.5, 9, 2, 13.5], "texture": "#3"},
				"up": {"uv": [9, 0, 9.5, 4.5], "rotation": 90, "texture": "#3"},
				"down": {"uv": [1, 9.5, 0.5, 9], "texture": "#3"}
			}
		},
		{
			"from": [12, 2, 3],
			"to": [13, 11, 12],
			"rotation": {"angle": 45, "axis": "y", "origin": [8, 5.5, 8]},
			"faces": {
				"north": {"uv": [2, 9, 2.5, 13.5], "texture": "#3"},
				"east": {"uv": [0, 4.5, 4.5, 9], "texture": "#3"},
				"south": {"uv": [2.5, 9, 3, 13.5], "texture": "#3"},
				"west": {"uv": [0, 0, 4.5, 4.5], "texture": "#3"},
				"up": {"uv": [9.5, 0, 9, 4.5], "texture": "#3"},
				"down": {"uv": [3.5, 9, 3, 13.5], "texture": "#3"}
			}
		},
		{
			"from": [4, 0, 4],
			"to": [12, 2, 12],
			"rotation": {"angle": 45, "axis": "y", "origin": [8, 5.5, 8]},
			"faces": {
				"north": {"uv": [0, 13.5, 4, 14.5], "texture": "#3"},
				"east": {"uv": [0, 13.5, 4, 14.5], "texture": "#3"},
				"south": {"uv": [0, 13.5, 4, 14.5], "texture": "#3"},
				"west": {"uv": [0, 13.5, 4, 14.5], "texture": "#3"},
				"up": {"uv": [8.5, 8.5, 4.5, 4.5], "texture": "#3"},
				"down": {"uv": [8.5, 8.5, 4.5, 12.5], "texture": "#3"}
			}
		}
	],
	"display": {
		"thirdperson_righthand": {
			"rotation": [67.41, -45, 0.61],
			"translation": [-0.05, 0.5, -1.25],
			"scale": [0.47, 0.5, 0.47]
		},
		"thirdperson_lefthand": {
			"rotation": [67.41, -45, 0.61],
			"translation": [-0.05, 0.5, -1.25],
			"scale": [0.47, 0.5, 0.47]
		},
		"firstperson_righthand": {
			"rotation": [0.63, 65.43, 0.01],
			"translation": [-2.5, 4.5, 3.75],
			"scale": [0.31, 0.38, 0.31]
		},
		"firstperson_lefthand": {
			"rotation": [-0.04, 66.42, 1.82],
			"translation": [-2.5, 4.5, 3.75],
			"scale": [0.31, 0.38, 0.31]
		}
	},
	"groups": [
		{
			"name": "5",
			"origin": [0, 0, -4],
			"color": 0,
			"children": [0, 1, 2]
		},
		{
			"name": "4",
			"origin": [0, 0, -4],
			"color": 0,
			"children": [3, 4, 5]
		},
		{
			"name": "3",
			"origin": [0, 0, -4],
			"color": 0,
			"children": [6, 7, 8]
		},
		{
			"name": "2",
			"origin": [0, 0, -4],
			"color": 0,
			"children": [9, 10, 11]
		},
		{
			"name": "1",
			"origin": [0, 0, -4],
			"color": 0,
			"children": [12, 13, 14]
		},
		15,
		16,
		17,
		18,
		19,
		20
	]
}