{
	"format_version": "1.21.6",
	"credit": "Made with Blockbench",
	"textures": {
		"1": "item/glow_hand",
		"2": "item/shears_hand_enchant",
		"particle": "item/shears_hand_enchant"
	},
	"elements": [
		{
			"from": [8.55264, 4.15919, 7.99325],
			"to": [12.50264, 12.15919, 7.99425],
			"rotation": {"angle": -7.5, "axis": "z", "origin": [10.04639, 6.0296, 8]},
			"faces": {
				"north": {"uv": [4, 0, 0, 8], "texture": "#2"},
				"east": {"uv": [0, 0, 0, 8], "texture": "#2"},
				"south": {"uv": [0, 0, 4, 8], "texture": "#2"},
				"west": {"uv": [0, 0, 0, 8], "texture": "#2"},
				"up": {"uv": [0, 4, 0, 0], "rotation": 90, "texture": "#2"},
				"down": {"uv": [0, 0, 0, 4], "rotation": 270, "texture": "#2"}
			}
		},
		{
			"from": [8.55264, 4.15919, 7.49425],
			"to": [10.57764, 8.15919, 8.49425],
			"rotation": {"angle": -7.5, "axis": "z", "origin": [10.04639, 6.0296, 8]},
			"faces": {
				"north": {"uv": [6, 0, 4, 4], "texture": "#2"},
				"east": {"uv": [4, 4, 5, 8], "texture": "#2"},
				"south": {"uv": [4, 0, 6, 4], "texture": "#2"},
				"west": {"uv": [5, 4, 6, 8], "texture": "#2"},
				"up": {"uv": [8, 5, 7, 3], "rotation": 90, "texture": "#2"},
				"down": {"uv": [8, 5, 7, 7], "rotation": 270, "texture": "#2"}
			}
		},
		{
			"from": [8.575, 1.8, 7.54375],
			"to": [10.575, 4.8, 7.54475],
			"rotation": {"angle": -7.5, "axis": "z", "origin": [10.04639, 6.0296, 8.025]},
			"faces": {
				"north": {"uv": [7, 0, 8, 3], "texture": "#2"},
				"east": {"uv": [6, 0, 7, 3], "texture": "#2"},
				"south": {"uv": [6, 3, 7, 6], "texture": "#2"},
				"west": {"uv": [6, 6, 7, 9], "texture": "#2"},
				"up": {"uv": [8, 8, 7, 7], "rotation": 90, "texture": "#2"},
				"down": {"uv": [1, 8, 0, 9], "rotation": 270, "texture": "#2"}
			}
		},
		{
			"from": [8.575, 1.8, 8.46875],
			"to": [10.575, 4.8, 8.46975],
			"rotation": {"angle": -7.5, "axis": "z", "origin": [10.04639, 6.0296, 8.95]},
			"faces": {
				"north": {"uv": [7, 0, 8, 3], "texture": "#2"},
				"east": {"uv": [6, 0, 7, 3], "texture": "#2"},
				"south": {"uv": [6, 3, 7, 6], "texture": "#2"},
				"west": {"uv": [6, 6, 7, 9], "texture": "#2"},
				"up": {"uv": [8, 8, 7, 7], "rotation": 90, "texture": "#2"},
				"down": {"uv": [1, 8, 0, 9], "rotation": 270, "texture": "#2"}
			}
		},
		{
			"from": [10.275, 1.8, 7.51875],
			"to": [10.575, 4.8, 8.49375],
			"rotation": {"angle": -7.5, "axis": "z", "origin": [10.04639, 6.0296, 8]},
			"faces": {
				"north": {"uv": [6, 0, 7, 3], "texture": "#2"},
				"east": {"uv": [6, 0, 7, 3], "texture": "#2"},
				"south": {"uv": [6, 0, 7, 3], "texture": "#2"},
				"west": {"uv": [6, 0, 7, 3], "texture": "#2"},
				"up": {"uv": [8, 8, 7, 7], "rotation": 90, "texture": "#2"},
				"down": {"uv": [1, 8, 0, 9], "rotation": 270, "texture": "#2"}
			}
		},
		{
			"name": "cube_outline_outline",
			"from": [8.45264, 8.25919, 7.39425],
			"to": [10.67764, 4.08419, 8.59425],
			"rotation": {"angle": -7.5, "axis": "z", "origin": [10.04639, 6.0296, 8]},
			"faces": {
				"north": {"uv": [1.5, 0, 0, 1.5], "rotation": 180, "texture": "#1"},
				"east": {"uv": [0, 1.5, 0.75, 3], "rotation": 180, "texture": "#1"},
				"south": {"uv": [0, 0, 1.5, 1.5], "rotation": 180, "texture": "#1"},
				"west": {"uv": [0.75, 1.5, 1.5, 3], "rotation": 180, "texture": "#1"},
				"up": {"uv": [3.5, 1.125, 1.25, 1.875], "rotation": 180, "texture": "#1"},
				"down": {"uv": [2.25, 2.625, 3, 1.875], "rotation": 180, "texture": "#1"}
			}
		},
		{
			"name": "cube_outline_outline",
			"from": [10.175, 4.09, 7.41875],
			"to": [10.675, 1.7, 8.59375],
			"rotation": {"angle": -7.5, "axis": "z", "origin": [10.04639, 6.0296, 8]},
			"faces": {
				"north": {"uv": [0, 0, 1, 3], "rotation": 180, "texture": "#1"},
				"east": {"uv": [0, 0, 1, 3], "rotation": 180, "texture": "#1"},
				"south": {"uv": [0, 0, 1, 3], "rotation": 180, "texture": "#1"},
				"west": {"uv": [0, 1.5, 1, 4.5], "rotation": 180, "texture": "#1"},
				"up": {"uv": [2, 2, 3, 3], "rotation": 180, "texture": "#1"},
				"down": {"uv": [4, 2, 5, 1], "rotation": 180, "texture": "#1"}
			}
		},
		{
			"name": "cube_outline",
			"from": [10.675, 2.9, 8.56975],
			"to": [8.475, 1.7, 7.44375],
			"rotation": {"angle": -7.5, "axis": "z", "origin": [10.04639, 6.0296, 8.025]},
			"faces": {
				"north": {"uv": [3.35, 0, 1.85, 3], "rotation": 180, "texture": "#1"},
				"east": {"uv": [2, 0, 3, 3], "rotation": 180, "texture": "#1"},
				"south": {"uv": [1.85, 0, 3.35, 3], "rotation": 180, "texture": "#1"},
				"west": {"uv": [4, 0, 5, 3], "rotation": 180, "texture": "#1"},
				"up": {"uv": [4, 2, 5, 1], "rotation": 180, "texture": "#1"},
				"down": {"uv": [1.45, 0, 3.45, 1], "rotation": 180, "texture": "#1"}
			}
		},
		{
			"name": "cube_outline",
			"from": [8.45264, 5.05919, 8.09425],
			"to": [10.60264, 12.25919, 7.89325],
			"rotation": {"angle": -7.5, "axis": "z", "origin": [10.04639, 6.0296, 8]},
			"faces": {
				"north": {"uv": [0, 4.6, 3, 1], "rotation": 180, "texture": "#1"},
				"east": {"uv": [1, 4.975, 0, 2.675], "rotation": 180, "texture": "#1"},
				"south": {"uv": [3, 4.6, 0, 1], "rotation": 180, "texture": "#1"},
				"west": {"uv": [1, 4.625, 0, 0.975], "rotation": 180, "texture": "#1"},
				"up": {"uv": [2.9, 1, 0.9, 0], "rotation": 180, "texture": "#1"},
				"down": {"uv": [4, 0, 5, 4], "rotation": 180, "texture": "#1"}
			}
		},
		{
			"name": "cube_outline_outline",
			"from": [11.60264, 5.05919, 7.89325],
			"to": [10.60264, 11.25919, 8.09425],
			"rotation": {"angle": -7.5, "axis": "z", "origin": [10.04639, 6.0296, 8]},
			"faces": {
				"north": {"uv": [3, 0, 0, 3], "rotation": 180, "texture": "#1"},
				"east": {"uv": [5, 0, 4, 3], "rotation": 180, "texture": "#1"},
				"south": {"uv": [0, 0, 3, 3], "rotation": 180, "texture": "#1"},
				"west": {"uv": [1, 0, 0, 2.2], "rotation": 180, "texture": "#1"},
				"up": {"uv": [1, 0, 0, 3], "rotation": 180, "texture": "#1"},
				"down": {"uv": [2.9, 1, 0.9, 0], "rotation": 180, "texture": "#1"}
			}
		},
		{
			"name": "cube_outline_outline",
			"from": [8.45264, 8.25919, 7.39425],
			"to": [10.67764, 4.08419, 8.59425],
			"rotation": {"angle": -7.5, "axis": "z", "origin": [10.04639, 6.0296, 8]},
			"faces": {
				"north": {"uv": [1.5, 0, 0, 1.5], "rotation": 180, "texture": "#1"},
				"east": {"uv": [0, 1.5, 0.75, 3], "rotation": 180, "texture": "#1"},
				"south": {"uv": [0, 0, 1.5, 1.5], "rotation": 180, "texture": "#1"},
				"west": {"uv": [0.75, 1.5, 1.5, 3], "rotation": 180, "texture": "#1"},
				"up": {"uv": [3.5, 1.125, 1.25, 1.875], "rotation": 180, "texture": "#1"},
				"down": {"uv": [2.25, 2.625, 3, 1.875], "rotation": 180, "texture": "#1"}
			}
		},
		{
			"name": "cube_outline_outline",
			"from": [10.175, 4.09, 7.41875],
			"to": [10.675, 1.7, 8.59375],
			"rotation": {"angle": -7.5, "axis": "z", "origin": [10.04639, 6.0296, 8]},
			"faces": {
				"north": {"uv": [0, 0, 1, 3], "rotation": 180, "texture": "#1"},
				"east": {"uv": [0, 0, 1, 3], "rotation": 180, "texture": "#1"},
				"south": {"uv": [0, 0, 1, 3], "rotation": 180, "texture": "#1"},
				"west": {"uv": [0, 1.5, 1, 4.5], "rotation": 180, "texture": "#1"},
				"up": {"uv": [2, 2, 3, 3], "rotation": 180, "texture": "#1"},
				"down": {"uv": [4, 2, 5, 1], "rotation": 180, "texture": "#1"}
			}
		},
		{
			"name": "cube_outline",
			"from": [10.675, 2.9, 8.56975],
			"to": [8.475, 1.7, 7.44375],
			"rotation": {"angle": -7.5, "axis": "z", "origin": [10.04639, 6.0296, 8.025]},
			"faces": {
				"north": {"uv": [3.35, 0, 1.85, 3], "rotation": 180, "texture": "#1"},
				"east": {"uv": [2, 0, 3, 3], "rotation": 180, "texture": "#1"},
				"south": {"uv": [1.85, 0, 3.35, 3], "rotation": 180, "texture": "#1"},
				"west": {"uv": [4, 0, 5, 3], "rotation": 180, "texture": "#1"},
				"up": {"uv": [4, 2, 5, 1], "rotation": 180, "texture": "#1"},
				"down": {"uv": [1.45, 0, 3.45, 1], "rotation": 180, "texture": "#1"}
			}
		},
		{
			"name": "cube_outline",
			"from": [8.45264, 5.05919, 8.09425],
			"to": [10.60264, 12.25919, 7.89325],
			"rotation": {"angle": -7.5, "axis": "z", "origin": [10.04639, 6.0296, 8]},
			"faces": {
				"north": {"uv": [0, 4.6, 3, 1], "rotation": 180, "texture": "#1"},
				"east": {"uv": [1, 4.975, 0, 2.675], "rotation": 180, "texture": "#1"},
				"south": {"uv": [3, 4.6, 0, 1], "rotation": 180, "texture": "#1"},
				"west": {"uv": [1, 4.625, 0, 0.975], "rotation": 180, "texture": "#1"},
				"up": {"uv": [2.9, 1, 0.9, 0], "rotation": 180, "texture": "#1"},
				"down": {"uv": [4, 1, 6, 5], "rotation": 180, "texture": "#1"}
			}
		},
		{
			"name": "cube_outline_outline",
			"from": [11.60264, 5.05919, 7.89325],
			"to": [10.60264, 11.25919, 8.09425],
			"rotation": {"angle": -7.5, "axis": "z", "origin": [10.04639, 6.0296, 8]},
			"faces": {
				"north": {"uv": [3, 0, 0, 3], "rotation": 180, "texture": "#1"},
				"east": {"uv": [5, 0, 4, 3], "rotation": 180, "texture": "#1"},
				"south": {"uv": [0, 0, 3, 3], "rotation": 180, "texture": "#1"},
				"west": {"uv": [1, 0, 0, 2.2], "rotation": 180, "texture": "#1"},
				"up": {"uv": [1, 0, 0, 3], "rotation": 180, "texture": "#1"},
				"down": {"uv": [2.9, 1, 0.9, 0], "rotation": 180, "texture": "#1"}
			}
		},
		{
			"from": [3.49736, 4.15919, 7.99325],
			"to": [7.44736, 12.15919, 7.99425],
			"rotation": {"angle": 7.5, "axis": "z", "origin": [5.95361, 6.0296, 8]},
			"faces": {
				"north": {"uv": [0, 0, 4, 8], "texture": "#2"},
				"east": {"uv": [0, 0, 0, 8], "texture": "#2"},
				"south": {"uv": [4, 0, 0, 8], "texture": "#2"},
				"west": {"uv": [0, 0, 0, 8], "texture": "#2"},
				"up": {"uv": [0, 0, 0, 4], "rotation": 90, "texture": "#2"},
				"down": {"uv": [0, 4, 0, 0], "rotation": 270, "texture": "#2"}
			}
		},
		{
			"from": [5.42236, 4.15919, 7.49425],
			"to": [7.44736, 8.15919, 8.49425],
			"rotation": {"angle": 7.5, "axis": "z", "origin": [5.95361, 6.0296, 8]},
			"faces": {
				"north": {"uv": [4, 0, 6, 4], "texture": "#2"},
				"east": {"uv": [6, 4, 5, 8], "texture": "#2"},
				"south": {"uv": [6, 0, 4, 4], "texture": "#2"},
				"west": {"uv": [5, 4, 4, 8], "texture": "#2"},
				"up": {"uv": [8, 3, 7, 5], "rotation": 90, "texture": "#2"},
				"down": {"uv": [8, 7, 7, 5], "rotation": 270, "texture": "#2"}
			}
		},
		{
			"from": [5.425, 1.8, 7.54375],
			"to": [7.425, 4.8, 7.54475],
			"rotation": {"angle": 7.5, "axis": "z", "origin": [5.95361, 6.0296, 8.025]},
			"faces": {
				"north": {"uv": [8, 0, 7, 3], "texture": "#2"},
				"east": {"uv": [7, 6, 6, 9], "texture": "#2"},
				"south": {"uv": [7, 3, 6, 6], "texture": "#2"},
				"west": {"uv": [7, 0, 6, 3], "texture": "#2"},
				"up": {"uv": [8, 7, 7, 8], "rotation": 90, "texture": "#2"},
				"down": {"uv": [1, 9, 0, 8], "rotation": 270, "texture": "#2"}
			}
		},
		{
			"from": [5.425, 1.8, 8.46875],
			"to": [7.425, 4.8, 8.46975],
			"rotation": {"angle": 7.5, "axis": "z", "origin": [5.95361, 6.0296, 8.95]},
			"faces": {
				"north": {"uv": [8, 0, 7, 3], "texture": "#2"},
				"east": {"uv": [7, 6, 6, 9], "texture": "#2"},
				"south": {"uv": [7, 3, 6, 6], "texture": "#2"},
				"west": {"uv": [7, 0, 6, 3], "texture": "#2"},
				"up": {"uv": [8, 7, 7, 8], "rotation": 90, "texture": "#2"},
				"down": {"uv": [1, 9, 0, 8], "rotation": 270, "texture": "#2"}
			}
		},
		{
			"from": [5.425, 1.8, 7.51875],
			"to": [5.725, 4.8, 8.49375],
			"rotation": {"angle": 7.5, "axis": "z", "origin": [5.95361, 6.0296, 8]},
			"faces": {
				"north": {"uv": [7, 0, 6, 3], "texture": "#2"},
				"east": {"uv": [7, 0, 6, 3], "texture": "#2"},
				"south": {"uv": [7, 0, 6, 3], "texture": "#2"},
				"west": {"uv": [7, 0, 6, 3], "texture": "#2"},
				"up": {"uv": [8, 7, 7, 8], "rotation": 90, "texture": "#2"},
				"down": {"uv": [1, 9, 0, 8], "rotation": 270, "texture": "#2"}
			}
		},
		{
			"name": "cube_outline_outline",
			"from": [5.32236, 8.25919, 7.39425],
			"to": [7.54736, 4.08419, 8.59425],
			"rotation": {"angle": 7.5, "axis": "z", "origin": [5.95361, 6.0296, 8]},
			"faces": {
				"north": {"uv": [0, 0, 1.5, 1.5], "rotation": 180, "texture": "#1"},
				"east": {"uv": [1.5, 1.5, 0.75, 3], "rotation": 180, "texture": "#1"},
				"south": {"uv": [1.5, 0, 0, 1.5], "rotation": 180, "texture": "#1"},
				"west": {"uv": [0.75, 1.5, 0, 3], "rotation": 180, "texture": "#1"},
				"up": {"uv": [1.25, 1.125, 3.5, 1.875], "rotation": 180, "texture": "#1"},
				"down": {"uv": [3, 2.625, 2.25, 1.875], "rotation": 180, "texture": "#1"}
			}
		},
		{
			"name": "cube_outline_outline",
			"from": [5.325, 4.09, 7.41875],
			"to": [5.825, 1.7, 8.59375],
			"rotation": {"angle": 7.5, "axis": "z", "origin": [5.95361, 6.0296, 8]},
			"faces": {
				"north": {"uv": [1, 0, 0, 3], "rotation": 180, "texture": "#1"},
				"east": {"uv": [1, 1.5, 0, 4.5], "rotation": 180, "texture": "#1"},
				"south": {"uv": [1, 0, 0, 3], "rotation": 180, "texture": "#1"},
				"west": {"uv": [1, 0, 0, 3], "rotation": 180, "texture": "#1"},
				"up": {"uv": [3, 2, 2, 3], "rotation": 180, "texture": "#1"},
				"down": {"uv": [5, 2, 4, 1], "rotation": 180, "texture": "#1"}
			}
		},
		{
			"name": "cube_outline",
			"from": [7.525, 2.9, 8.56975],
			"to": [5.325, 1.7, 7.44375],
			"rotation": {"angle": 7.5, "axis": "z", "origin": [5.95361, 6.0296, 8.025]},
			"faces": {
				"north": {"uv": [1.85, 0, 3.35, 3], "rotation": 180, "texture": "#1"},
				"east": {"uv": [5, 0, 4, 3], "rotation": 180, "texture": "#1"},
				"south": {"uv": [3.35, 0, 1.85, 3], "rotation": 180, "texture": "#1"},
				"west": {"uv": [3, 0, 2, 3], "rotation": 180, "texture": "#1"},
				"up": {"uv": [5, 2, 4, 1], "rotation": 180, "texture": "#1"},
				"down": {"uv": [3.45, 0, 1.45, 1], "rotation": 180, "texture": "#1"}
			}
		},
		{
			"name": "cube_outline",
			"from": [5.39736, 5.05919, 8.09425],
			"to": [7.54736, 12.25919, 7.89325],
			"rotation": {"angle": 7.5, "axis": "z", "origin": [5.95361, 6.0296, 8]},
			"faces": {
				"north": {"uv": [3, 4.6, 0, 1], "rotation": 180, "texture": "#1"},
				"east": {"uv": [0, 4.625, 1, 0.975], "rotation": 180, "texture": "#1"},
				"south": {"uv": [0, 4.6, 3, 1], "rotation": 180, "texture": "#1"},
				"west": {"uv": [0, 4.975, 1, 2.675], "rotation": 180, "texture": "#1"},
				"up": {"uv": [0.9, 1, 2.9, 0], "rotation": 180, "texture": "#1"},
				"down": {"uv": [4, 0, 6, 4], "rotation": 180, "texture": "#1"}
			}
		},
		{
			"name": "cube_outline_outline",
			"from": [5.39736, 5.05919, 7.89325],
			"to": [4.39736, 11.25919, 8.09425],
			"rotation": {"angle": 7.5, "axis": "z", "origin": [5.95361, 6.0296, 8]},
			"faces": {
				"north": {"uv": [0, 0, 3, 3], "rotation": 180, "texture": "#1"},
				"east": {"uv": [0, 0, 1, 2.2], "rotation": 180, "texture": "#1"},
				"south": {"uv": [3, 0, 0, 3], "rotation": 180, "texture": "#1"},
				"west": {"uv": [4, 0, 5, 3], "rotation": 180, "texture": "#1"},
				"up": {"uv": [0, 0, 1, 3], "rotation": 180, "texture": "#1"},
				"down": {"uv": [0.9, 1, 2.9, 0], "rotation": 180, "texture": "#1"}
			}
		},
		{
			"name": "cube_outline_outline",
			"from": [5.32236, 8.25919, 7.39425],
			"to": [7.54736, 4.08419, 8.59425],
			"rotation": {"angle": 7.5, "axis": "z", "origin": [5.95361, 6.0296, 8]},
			"faces": {
				"north": {"uv": [0, 0, 1.5, 1.5], "rotation": 180, "texture": "#1"},
				"east": {"uv": [1.5, 1.5, 0.75, 3], "rotation": 180, "texture": "#1"},
				"south": {"uv": [1.5, 0, 0, 1.5], "rotation": 180, "texture": "#1"},
				"west": {"uv": [0.75, 1.5, 0, 3], "rotation": 180, "texture": "#1"},
				"up": {"uv": [1.25, 1.125, 3.5, 1.875], "rotation": 180, "texture": "#1"},
				"down": {"uv": [3, 2.625, 2.25, 1.875], "rotation": 180, "texture": "#1"}
			}
		},
		{
			"name": "cube_outline_outline",
			"from": [5.325, 4.09, 7.41875],
			"to": [5.825, 1.7, 8.59375],
			"rotation": {"angle": 7.5, "axis": "z", "origin": [5.95361, 6.0296, 8]},
			"faces": {
				"north": {"uv": [1, 0, 0, 3], "rotation": 180, "texture": "#1"},
				"east": {"uv": [1, 1.5, 0, 4.5], "rotation": 180, "texture": "#1"},
				"south": {"uv": [1, 0, 0, 3], "rotation": 180, "texture": "#1"},
				"west": {"uv": [1, 0, 0, 3], "rotation": 180, "texture": "#1"},
				"up": {"uv": [3, 2, 2, 3], "rotation": 180, "texture": "#1"},
				"down": {"uv": [5, 2, 4, 1], "rotation": 180, "texture": "#1"}
			}
		},
		{
			"name": "cube_outline",
			"from": [7.525, 2.9, 8.56975],
			"to": [5.325, 1.7, 7.44375],
			"rotation": {"angle": 7.5, "axis": "z", "origin": [5.95361, 6.0296, 8.025]},
			"faces": {
				"north": {"uv": [1.85, 0, 3.35, 3], "rotation": 180, "texture": "#1"},
				"east": {"uv": [5, 0, 4, 3], "rotation": 180, "texture": "#1"},
				"south": {"uv": [3.35, 0, 1.85, 3], "rotation": 180, "texture": "#1"},
				"west": {"uv": [3, 0, 2, 3], "rotation": 180, "texture": "#1"},
				"up": {"uv": [5, 2, 4, 1], "rotation": 180, "texture": "#1"},
				"down": {"uv": [3.45, 0, 1.45, 1], "rotation": 180, "texture": "#1"}
			}
		},
		{
			"name": "cube_outline",
			"from": [5.39736, 5.05919, 8.09425],
			"to": [7.54736, 12.25919, 7.89325],
			"rotation": {"angle": 7.5, "axis": "z", "origin": [5.95361, 6.0296, 8]},
			"faces": {
				"north": {"uv": [3, 4.6, 0, 1], "rotation": 180, "texture": "#1"},
				"east": {"uv": [0, 4.625, 1, 0.975], "rotation": 180, "texture": "#1"},
				"south": {"uv": [0, 4.6, 3, 1], "rotation": 180, "texture": "#1"},
				"west": {"uv": [0, 4.975, 1, 2.675], "rotation": 180, "texture": "#1"},
				"up": {"uv": [0.9, 1, 2.9, 0], "rotation": 180, "texture": "#1"},
				"down": {"uv": [5, 1, 6, 5], "rotation": 180, "texture": "#1"}
			}
		},
		{
			"name": "cube_outline_outline",
			"from": [5.39736, 5.05919, 7.89325],
			"to": [4.39736, 11.25919, 8.09425],
			"rotation": {"angle": 7.5, "axis": "z", "origin": [5.95361, 6.0296, 8]},
			"faces": {
				"north": {"uv": [0, 0, 3, 3], "rotation": 180, "texture": "#1"},
				"east": {"uv": [0, 0, 1, 2.2], "rotation": 180, "texture": "#1"},
				"south": {"uv": [3, 0, 0, 3], "rotation": 180, "texture": "#1"},
				"west": {"uv": [4, 0, 5, 3], "rotation": 180, "texture": "#1"},
				"up": {"uv": [0, 0, 1, 3], "rotation": 180, "texture": "#1"},
				"down": {"uv": [0.9, 1, 2.9, 0], "rotation": 180, "texture": "#1"}
			}
		},
		{
			"name": "cube_outline",
			"from": [9.60291, 3.075, 8.79425],
			"to": [6.40291, -0.125, 7.19425],
			"rotation": {"angle": -45, "axis": "z", "origin": [8.00291, 1.475, 7.99425]},
			"faces": {
				"north": {"uv": [0, 0, 3, 3], "rotation": 180, "texture": "#1"},
				"east": {"uv": [1, 3, 0, 0], "rotation": 180, "texture": "#1"},
				"south": {"uv": [3, 0, 0, 3], "rotation": 180, "texture": "#1"},
				"west": {"uv": [2, 0, 1, 3], "rotation": 180, "texture": "#1"},
				"up": {"uv": [2, 3, 1, 0], "rotation": 180, "texture": "#1"},
				"down": {"uv": [0, 3, 1, 0], "rotation": 180, "texture": "#1"}
			}
		},
		{
			"from": [6.49709, -0.025, 7.29425],
			"to": [9.49709, 2.975, 8.69425],
			"rotation": {"angle": 45, "axis": "z", "origin": [7.99709, 1.475, 7.99425]},
			"faces": {
				"north": {"uv": [13, 0, 16, 3], "texture": "#2"},
				"east": {"uv": [11, 3, 12, 0], "texture": "#2"},
				"south": {"uv": [16, 0, 13, 3], "rotation": 180, "texture": "#2"},
				"west": {"uv": [12, 0, 13, 3], "texture": "#2"},
				"up": {"uv": [12, 3, 11, 0], "rotation": 90, "texture": "#2"},
				"down": {"uv": [12, 3, 13, 0], "rotation": 270, "texture": "#2"}
			}
		},
		{
			"name": "cube_outline",
			"from": [9.59709, 3.075, 8.79425],
			"to": [6.39709, -0.125, 7.19425],
			"rotation": {"angle": 45, "axis": "z", "origin": [7.99709, 1.475, 7.99425]},
			"faces": {
				"north": {"uv": [3, 0, 0, 3], "rotation": 180, "texture": "#1"},
				"east": {"uv": [1, 0, 2, 3], "rotation": 180, "texture": "#1"},
				"south": {"uv": [0, 0, 3, 3], "rotation": 180, "texture": "#1"},
				"west": {"uv": [0, 3, 1, 0], "rotation": 180, "texture": "#1"},
				"up": {"uv": [1, 3, 2, 0], "rotation": 180, "texture": "#1"},
				"down": {"uv": [1, 3, 0, 0], "rotation": 180, "texture": "#1"}
			}
		}
	],
	"display": {
		"thirdperson_righthand": {
			"translation": [-1.5, 3.25, 1.5],
			"scale": [0.66, 0.66, 0.66]
		},
		"thirdperson_lefthand": {
			"translation": [-1.5, 3.25, 1.5],
			"scale": [0.66, 0.66, 0.66]
		},
		"firstperson_righthand": {
			"rotation": [0.73, 114, -0.13],
			"translation": [-3.25, 6.25, 4.5],
			"scale": [0.4, 0.49, 0.4]
		},
		"firstperson_lefthand": {
			"rotation": [0.73, 114, -0.13],
			"translation": [-3.25, 6.25, 4.5],
			"scale": [0.4, 0.49, 0.4]
		}
	},
	"groups": [
		{
			"name": "hand 2",
			"origin": [5.94736, 4.55944, 3.85097],
			"color": 0,
			"children": [
				0,
				1,
				2,
				3,
				4,
				{
					"name": "enchantment glow",
					"origin": [8, 8, 8],
					"color": 0,
					"children": [
						5,
						6,
						7,
						8,
						9,
						{
							"name": "enchantment glow",
							"origin": [8, 8, 8],
							"color": 0,
							"children": [10, 11, 12, 13, 14]
						}
					]
				}
			]
		},
		{
			"name": "hand 2",
			"origin": [5.94736, 4.55944, 3.85097],
			"color": 0,
			"children": [
				15,
				16,
				17,
				18,
				19,
				{
					"name": "enchantment glow",
					"origin": [8, 8, 8],
					"color": 0,
					"children": [
						20,
						21,
						22,
						23,
						24,
						{
							"name": "enchantment glow",
							"origin": [8, 8, 8],
							"color": 0,
							"children": [25, 26, 27, 28, 29]
						}
					]
				}
			]
		},
		{
			"name": "group",
			"origin": [8.00291, 1.475, 7.99425],
			"color": 0,
			"children": [30, 31, 32]
		}
	]
}