{
	"format_version": "1.21.6",
	"credit": "Made with Blockbench",
	"texture_size": [32, 32],
	"textures": {
		"2": "item/shulker_shell_hand"
	},
	"elements": [
		{
			"name": "cube_outline",
			"from": [10, 3, 13],
			"to": [6, 0, 12],
			"rotation": {"angle": 0, "axis": "y", "origin": [8, 0, 12]},
			"faces": {
				"north": {"uv": [5, 1.5, 7, 3], "rotation": 180, "texture": "#2"},
				"east": {"uv": [5, 0, 5.5, 1.5], "rotation": 180, "texture": "#2"},
				"south": {"uv": [5, 1.5, 7, 3], "rotation": 180, "texture": "#2"},
				"west": {"uv": [5, 0, 5.5, 1.5], "rotation": 180, "texture": "#2"},
				"up": {"uv": [5, 1.5, 7, 2], "rotation": 180, "texture": "#2"},
				"down": {"uv": [5, 0.5, 7, 1], "rotation": 180, "texture": "#2"}
			}
		},
		{
			"from": [3, 0, 3],
			"to": [13, 3, 13],
			"rotation": {"angle": 0, "axis": "y", "origin": [3, 0, 3]},
			"faces": {
				"north": {"uv": [10, 6, 15, 7.5], "texture": "#2"},
				"east": {"uv": [10, 6, 15, 7.5], "texture": "#2"},
				"south": {"uv": [10, 6, 15, 7.5], "texture": "#2"},
				"west": {"uv": [10, 6, 15, 7.5], "texture": "#2"},
				"up": {"uv": [5, 10, 0, 5], "texture": "#2"},
				"down": {"uv": [10, 5, 5, 10], "texture": "#2"}
			}
		},
		{
			"from": [4, 3, 4],
			"to": [12, 6, 12],
			"rotation": {"angle": 0, "axis": "y", "origin": [3, 3, 3]},
			"faces": {
				"north": {"uv": [10, 7.5, 14, 9], "texture": "#2"},
				"east": {"uv": [10, 7.5, 14, 9], "texture": "#2"},
				"south": {"uv": [10, 7.5, 14, 9], "texture": "#2"},
				"west": {"uv": [10, 7.5, 14, 9], "texture": "#2"},
				"up": {"uv": [4, 14, 0, 10], "texture": "#2"},
				"down": {"uv": [4, 5.5, 0, 9.5], "texture": "#2"}
			}
		},
		{
			"from": [3, 3, 3],
			"to": [13, 7, 13],
			"rotation": {"angle": 0, "axis": "y", "origin": [3, 3, 3]},
			"faces": {
				"north": {"uv": [10, 4, 15, 6], "texture": "#2"},
				"east": {"uv": [10, 4, 15, 6], "texture": "#2"},
				"south": {"uv": [10, 4, 15, 6], "texture": "#2"},
				"west": {"uv": [10, 4, 15, 6], "texture": "#2"},
				"up": {"uv": [5, 5, 0, 0], "texture": "#2"},
				"down": {"uv": [5, 5, 0, 10], "texture": "#2"}
			}
		},
		{
			"from": [4, 0, 4],
			"to": [12, 3, 12],
			"rotation": {"angle": 0, "axis": "y", "origin": [3, 0, 3]},
			"faces": {
				"north": {"uv": [0, 5.5, 4, 7], "texture": "#2"},
				"east": {"uv": [0, 5.5, 4, 7], "texture": "#2"},
				"south": {"uv": [0, 5.5, 4, 7], "texture": "#2"},
				"west": {"uv": [0, 5.5, 4, 7], "texture": "#2"},
				"up": {"uv": [4, 9.5, 0, 5.5], "texture": "#2"},
				"down": {"uv": [4, 5.5, 0, 9.5], "texture": "#2"}
			}
		},
		{
			"name": "cube_outline",
			"from": [12, 6, 12],
			"to": [4, 3, 4],
			"rotation": {"angle": 0, "axis": "y", "origin": [3, 3, 3]},
			"faces": {
				"north": {"uv": [10, 7.5, 14, 9], "rotation": 180, "texture": "#2"},
				"east": {"uv": [10, 7.5, 14, 9], "rotation": 180, "texture": "#2"},
				"south": {"uv": [10, 7.5, 14, 9], "rotation": 180, "texture": "#2"},
				"west": {"uv": [10, 7.5, 14, 9], "rotation": 180, "texture": "#2"},
				"up": {"uv": [4, 5.5, 0, 9.5], "rotation": 180, "texture": "#2"},
				"down": {"uv": [4, 14, 0, 10], "rotation": 180, "texture": "#2"}
			}
		},
		{
			"name": "cube_outline",
			"from": [12, 3, 12],
			"to": [4, 0, 4],
			"rotation": {"angle": 0, "axis": "y", "origin": [3, 0, 3]},
			"faces": {
				"north": {"uv": [8, 10, 12, 11.5], "rotation": 180, "texture": "#2"},
				"east": {"uv": [8, 10, 12, 11.5], "rotation": 180, "texture": "#2"},
				"south": {"uv": [8, 10, 12, 11.5], "rotation": 180, "texture": "#2"},
				"west": {"uv": [8, 10, 12, 11.5], "rotation": 180, "texture": "#2"},
				"up": {"uv": [4, 5.5, 0, 9.5], "rotation": 180, "texture": "#2"},
				"down": {"uv": [4, 9.5, 0, 5.5], "rotation": 180, "texture": "#2"}
			}
		},
		{
			"name": "cube_outline",
			"from": [10, 3, 4],
			"to": [6, 0, 3],
			"rotation": {"angle": 0, "axis": "y", "origin": [8, 0, 3]},
			"faces": {
				"north": {"uv": [5, 1.5, 7, 3], "rotation": 180, "texture": "#2"},
				"east": {"uv": [5, 0, 5.5, 1.5], "rotation": 180, "texture": "#2"},
				"south": {"uv": [5, 1.5, 7, 3], "rotation": 180, "texture": "#2"},
				"west": {"uv": [5, 0, 5.5, 1.5], "rotation": 180, "texture": "#2"},
				"up": {"uv": [5, 1.5, 7, 2], "rotation": 180, "texture": "#2"},
				"down": {"uv": [5, 0.5, 7, 1], "rotation": 180, "texture": "#2"}
			}
		},
		{
			"name": "cube_outline",
			"from": [13, 3, 10],
			"to": [12, 0, 6],
			"rotation": {"angle": 0, "axis": "y", "origin": [12.5, 1.5, 8]},
			"faces": {
				"north": {"uv": [5, 0, 5.5, 1.5], "rotation": 180, "texture": "#2"},
				"east": {"uv": [5, 1.5, 7, 3], "rotation": 180, "texture": "#2"},
				"south": {"uv": [5, 0, 5.5, 1.5], "rotation": 180, "texture": "#2"},
				"west": {"uv": [5, 1.5, 7, 3], "rotation": 180, "texture": "#2"},
				"up": {"uv": [5, 1.5, 7, 2], "rotation": 90, "texture": "#2"},
				"down": {"uv": [5, 0.5, 7, 1], "rotation": 270, "texture": "#2"}
			}
		},
		{
			"name": "cube_outline",
			"from": [4, 3, 10],
			"to": [3, 0, 6],
			"rotation": {"angle": 0, "axis": "y", "origin": [3.5, 1.5, 8]},
			"faces": {
				"north": {"uv": [5, 0, 5.5, 1.5], "rotation": 180, "texture": "#2"},
				"east": {"uv": [5, 1.5, 7, 3], "rotation": 180, "texture": "#2"},
				"south": {"uv": [5, 0, 5.5, 1.5], "rotation": 180, "texture": "#2"},
				"west": {"uv": [5, 1.5, 7, 3], "rotation": 180, "texture": "#2"},
				"up": {"uv": [5, 1.5, 7, 2], "rotation": 90, "texture": "#2"},
				"down": {"uv": [5, 0.5, 7, 1], "rotation": 270, "texture": "#2"}
			}
		}
	],
	"display": {
		"thirdperson_righthand": {
			"rotation": [0, 90, 0],
			"translation": [0, 2.25, 1.25],
			"scale": [0.55, 0.55, 0.55]
		},
		"thirdperson_lefthand": {
			"rotation": [0, 90, 0],
			"translation": [0, 2.25, 1.25],
			"scale": [0.55, 0.55, 0.55]
		},
		"firstperson_righthand": {
			"rotation": [0.73, 114, -0.13],
			"translation": [-3.5, 6.5, 5],
			"scale": [0.31, 0.34, 0.31]
		},
		"firstperson_lefthand": {
			"rotation": [0.73, 114, -0.13],
			"translation": [-3.5, 6.5, 5],
			"scale": [0.31, 0.34, 0.31]
		}
	},
	"groups": [
		{
			"name": "group",
			"origin": [8, 0, 12],
			"color": 0,
			"children": [0, 1, 2, 3, 4, 5, 6, 7, 8, 9]
		}
	]
}