{
	"format_version": "1.21.6",
	"credit": "Made with Blockbench",
	"texture_size": [32, 32],
	"textures": {
		"1": "item/shulker_spawn_egg_hand"
	},
	"elements": [
		{
			"from": [5, 2, 5],
			"to": [5.3, 2, 11],
			"rotation": {"angle": 0, "axis": "y", "origin": [3, 0, 7]},
			"faces": {
				"north": {"uv": [0, 0, 0.15, 0.5], "texture": "#1"},
				"east": {"uv": [0, 0.5, 3, 1], "texture": "#1"},
				"south": {"uv": [0, 0, 0.15, 0.5], "texture": "#1"},
				"west": {"uv": [0, 0.5, 3, 1], "texture": "#1"},
				"up": {"uv": [0, 3, 3, 3.15], "rotation": 270, "texture": "#1"},
				"down": {"uv": [0, 3, 3, 3.15], "rotation": 90, "texture": "#1"}
			}
		},
		{
			"from": [5, 2, 10.7],
			"to": [11, 2, 11],
			"rotation": {"angle": 0, "axis": "y", "origin": [7, 0, 13]},
			"faces": {
				"north": {"uv": [0, 0.5, 3, 1], "texture": "#1"},
				"east": {"uv": [0, 0, 0.15, 0.5], "texture": "#1"},
				"south": {"uv": [0, 0.5, 3, 1], "texture": "#1"},
				"west": {"uv": [0, 0, 0.15, 0.5], "texture": "#1"},
				"up": {"uv": [0, 3, 3, 3.15], "rotation": 180, "texture": "#1"},
				"down": {"uv": [0, 3, 3, 3.15], "rotation": 180, "texture": "#1"}
			}
		},
		{
			"from": [10.7, 2, 5],
			"to": [11, 2, 11],
			"rotation": {"angle": 0, "axis": "y", "origin": [8.7, 0, 7]},
			"faces": {
				"north": {"uv": [0, 0, 0.15, 0.5], "texture": "#1"},
				"east": {"uv": [0, 0.5, 3, 1], "texture": "#1"},
				"south": {"uv": [0, 0, 0.15, 0.5], "texture": "#1"},
				"west": {"uv": [0, 0.5, 3, 1], "texture": "#1"},
				"up": {"uv": [0, 3, 3, 3.15], "rotation": 270, "texture": "#1"},
				"down": {"uv": [0, 3, 1.5, 3.15], "rotation": 90, "texture": "#1"}
			}
		},
		{
			"from": [5, 2, 5],
			"to": [11, 2, 5.3],
			"rotation": {"angle": 0, "axis": "y", "origin": [9, 0, 3]},
			"faces": {
				"north": {"uv": [0, 0.5, 3, 1], "texture": "#1"},
				"east": {"uv": [0, 0, 0.15, 0.5], "texture": "#1"},
				"south": {"uv": [0, 0.5, 3, 1], "texture": "#1"},
				"west": {"uv": [0, 0, 0.15, 0.5], "texture": "#1"},
				"up": {"uv": [0, 3, 3, 3.15], "texture": "#1"},
				"down": {"uv": [0, 3, 1.5, 3.15], "texture": "#1"}
			}
		},
		{
			"from": [5, 5, 5],
			"to": [5.3, 5, 11],
			"rotation": {"angle": 0, "axis": "y", "origin": [3, 3, 7]},
			"faces": {
				"north": {"uv": [0, 0, 0.15, 0.5], "texture": "#1"},
				"east": {"uv": [0, 0.5, 3, 1], "texture": "#1"},
				"south": {"uv": [0, 0, 0.15, 0.5], "texture": "#1"},
				"west": {"uv": [0, 0.5, 3, 1], "texture": "#1"},
				"up": {"uv": [3, 4, 6, 4.15], "rotation": 270, "texture": "#1"},
				"down": {"uv": [3, 4, 6, 4.15], "rotation": 90, "texture": "#1"}
			}
		},
		{
			"from": [5, 5, 10.7],
			"to": [11, 5, 11],
			"rotation": {"angle": 0, "axis": "y", "origin": [7, 3, 13]},
			"faces": {
				"north": {"uv": [0, 0.5, 3, 1], "texture": "#1"},
				"east": {"uv": [0, 0, 0.15, 0.5], "texture": "#1"},
				"south": {"uv": [0, 0.5, 3, 1], "texture": "#1"},
				"west": {"uv": [0, 0, 0.15, 0.5], "texture": "#1"},
				"up": {"uv": [3, 4, 6, 4.15], "rotation": 180, "texture": "#1"},
				"down": {"uv": [3, 4, 6, 4.15], "rotation": 180, "texture": "#1"}
			}
		},
		{
			"from": [10.7, 5, 5],
			"to": [11, 5, 11],
			"rotation": {"angle": 0, "axis": "y", "origin": [8.7, 3, 7]},
			"faces": {
				"north": {"uv": [0, 0, 0.15, 0.5], "texture": "#1"},
				"east": {"uv": [0, 0.5, 3, 1], "texture": "#1"},
				"south": {"uv": [0, 0, 0.15, 0.5], "texture": "#1"},
				"west": {"uv": [0, 0.5, 3, 1], "texture": "#1"},
				"up": {"uv": [3, 4, 6, 4.15], "rotation": 270, "texture": "#1"},
				"down": {"uv": [3, 4, 6, 4.15], "rotation": 90, "texture": "#1"}
			}
		},
		{
			"from": [5, 5, 5],
			"to": [11, 5, 5.3],
			"rotation": {"angle": 0, "axis": "y", "origin": [9, 3, 3]},
			"faces": {
				"north": {"uv": [0, 0.5, 3, 1], "texture": "#1"},
				"east": {"uv": [0, 0, 0.15, 0.5], "texture": "#1"},
				"south": {"uv": [0, 0.5, 3, 1], "texture": "#1"},
				"west": {"uv": [0, 0, 0.15, 0.5], "texture": "#1"},
				"up": {"uv": [3, 4, 6, 4.15], "texture": "#1"},
				"down": {"uv": [3, 4, 6, 4.15], "texture": "#1"}
			}
		},
		{
			"name": "cube_outline",
			"from": [9, 6, 5.3],
			"to": [7, 5, 5],
			"rotation": {"angle": 0, "axis": "y", "origin": [8, 5.5, 5.15]},
			"faces": {
				"north": {"uv": [0.5, 0, 1.5, 0.5], "rotation": 180, "texture": "#1"},
				"east": {"uv": [3.5, 1, 3.65, 1.5], "rotation": 180, "texture": "#1"},
				"south": {"uv": [0.5, 0, 1.5, 0.5], "rotation": 180, "texture": "#1"},
				"west": {"uv": [3.5, 1, 3.65, 1.5], "rotation": 180, "texture": "#1"},
				"up": {"uv": [0.5, 0, 0.65, 1], "rotation": 180, "texture": "#1"},
				"down": {"uv": [3.5, 1, 3.65, 2], "rotation": 180, "texture": "#1"}
			}
		},
		{
			"name": "cube_outline",
			"from": [5.3, 6, 9],
			"to": [5, 5, 7],
			"rotation": {"angle": 0, "axis": "y", "origin": [3.3, 4, 7]},
			"faces": {
				"north": {"uv": [3.5, 1, 3.65, 1.5], "rotation": 180, "texture": "#1"},
				"east": {"uv": [0.5, 0, 1.5, 0.5], "rotation": 180, "texture": "#1"},
				"south": {"uv": [3.5, 1, 3.65, 1.5], "rotation": 180, "texture": "#1"},
				"west": {"uv": [0.5, 0, 1.5, 0.5], "rotation": 180, "texture": "#1"},
				"up": {"uv": [0.5, 0, 0.65, 1], "rotation": 180, "texture": "#1"},
				"down": {"uv": [3.5, 1, 3.65, 2], "rotation": 180, "texture": "#1"}
			}
		},
		{
			"name": "cube_outline",
			"from": [9, 6, 11],
			"to": [7, 5, 10.7],
			"rotation": {"angle": 0, "axis": "y", "origin": [8, 5.5, 10.85]},
			"faces": {
				"north": {"uv": [0.5, 0, 1.5, 0.5], "rotation": 180, "texture": "#1"},
				"east": {"uv": [3.5, 1, 3.65, 1.5], "rotation": 180, "texture": "#1"},
				"south": {"uv": [0.5, 0, 1.5, 0.5], "rotation": 180, "texture": "#1"},
				"west": {"uv": [3.5, 1, 3.65, 1.5], "rotation": 180, "texture": "#1"},
				"up": {"uv": [0.5, 0, 0.65, 1], "rotation": 180, "texture": "#1"},
				"down": {"uv": [3.5, 1, 3.65, 2], "rotation": 180, "texture": "#1"}
			}
		},
		{
			"name": "cube_outline",
			"from": [11, 6, 9],
			"to": [10.7, 5, 7],
			"rotation": {"angle": 0, "axis": "y", "origin": [10.85, 5.5, 8]},
			"faces": {
				"north": {"uv": [3.5, 1, 3.65, 1.5], "rotation": 180, "texture": "#1"},
				"east": {"uv": [0.5, 0, 1.5, 0.5], "rotation": 180, "texture": "#1"},
				"south": {"uv": [3.5, 1, 3.65, 1.5], "rotation": 180, "texture": "#1"},
				"west": {"uv": [0.5, 0, 1.5, 0.5], "rotation": 180, "texture": "#1"},
				"up": {"uv": [0.5, 0, 0.65, 1], "rotation": 180, "texture": "#1"},
				"down": {"uv": [3.5, 1, 3.65, 2], "rotation": 180, "texture": "#1"}
			}
		},
		{
			"name": "egg_outline",
			"from": [10.7, 8.7, 10.7],
			"to": [5.3, 5, 5.3],
			"rotation": {"angle": 0, "axis": "y", "origin": [5, 1, 5]},
			"faces": {
				"north": {"uv": [3.15, 2.15, 5.85, 4], "rotation": 180, "texture": "#1"},
				"east": {"uv": [5.85, 2.15, 3.15, 4], "rotation": 180, "texture": "#1"},
				"south": {"uv": [3.15, 2.15, 5.85, 4], "rotation": 180, "texture": "#1"},
				"west": {"uv": [3.15, 2.15, 5.85, 4], "rotation": 180, "texture": "#1"},
				"up": {"uv": [15, 0, 12, 3], "rotation": 180, "texture": "#1"},
				"down": {"uv": [12, 3, 9, 0], "rotation": 180, "texture": "#1"}
			}
		},
		{
			"name": "egg",
			"from": [5, 5, 5],
			"to": [11, 9, 11],
			"light_emission": 7,
			"rotation": {"angle": 0, "axis": "y", "origin": [5, 1, 5]},
			"faces": {
				"north": {"uv": [3, 0, 6, 2], "texture": "#1"},
				"east": {"uv": [0, 10, 3, 12], "texture": "#1"},
				"south": {"uv": [0, 10, 3, 12], "texture": "#1"},
				"west": {"uv": [3, 10, 0, 12], "texture": "#1"},
				"up": {"uv": [9, 3, 6, 0], "texture": "#1"},
				"down": {"uv": [15, 0, 12, 3], "texture": "#1"}
			}
		},
		{
			"name": "egg",
			"from": [5, 0, 5],
			"to": [11, 3, 11],
			"light_emission": 7,
			"rotation": {"angle": 0, "axis": "y", "origin": [5, 0, 5]},
			"faces": {
				"north": {"uv": [0, 2.5, 3, 4], "texture": "#1"},
				"east": {"uv": [0, 2.5, 3, 4], "texture": "#1"},
				"south": {"uv": [0, 2.5, 3, 4], "texture": "#1"},
				"west": {"uv": [3, 2.5, 0, 4], "texture": "#1"},
				"up": {"uv": [9, 9, 6, 6], "texture": "#1"},
				"down": {"uv": [9, 3, 6, 6], "texture": "#1"}
			}
		},
		{
			"name": "egg_outline",
			"from": [10.7, 3, 10.7],
			"to": [5.3, 0.3, 5.3],
			"rotation": {"angle": 0, "axis": "y", "origin": [5, 0, 5]},
			"faces": {
				"north": {"uv": [0.15, 4, 2.85, 5.35], "rotation": 180, "texture": "#1"},
				"east": {"uv": [2.85, 4, 0.15, 5.35], "rotation": 180, "texture": "#1"},
				"south": {"uv": [0.15, 4, 2.85, 5.35], "rotation": 180, "texture": "#1"},
				"west": {"uv": [0.15, 4, 2.85, 5.35], "rotation": 180, "texture": "#1"},
				"up": {"uv": [11.85, 3.15, 9.15, 5.85], "rotation": 180, "texture": "#1"},
				"down": {"uv": [9, 9, 6, 6], "rotation": 180, "texture": "#1"}
			}
		},
		{
			"from": [7, 2, 5],
			"to": [9, 3, 5.3],
			"rotation": {"angle": 0, "axis": "y", "origin": [8, 2.5, 5.15]},
			"faces": {
				"north": {"uv": [0.5, 0, 1.5, 0.5], "texture": "#1"},
				"east": {"uv": [1, 2.5, 1.15, 3], "texture": "#1"},
				"south": {"uv": [0.5, 0, 1.5, 0.5], "texture": "#1"},
				"west": {"uv": [1, 2.5, 1.15, 3], "texture": "#1"},
				"up": {"uv": [1, 2.5, 1.15, 3.5], "rotation": 90, "texture": "#1"},
				"down": {"uv": [0.5, 0, 0.65, 1], "rotation": 270, "texture": "#1"}
			}
		},
		{
			"from": [5, 2, 7],
			"to": [5.3, 3, 9],
			"rotation": {"angle": 0, "axis": "y", "origin": [3.3, 1, 7]},
			"faces": {
				"north": {"uv": [1, 2.5, 1.15, 3], "texture": "#1"},
				"east": {"uv": [0.5, 0, 1.5, 0.5], "texture": "#1"},
				"south": {"uv": [1, 2.5, 1.15, 3], "texture": "#1"},
				"west": {"uv": [0.5, 0, 1.5, 0.5], "texture": "#1"},
				"up": {"uv": [1, 2.5, 1.15, 3.5], "texture": "#1"},
				"down": {"uv": [0.5, 0, 0.65, 1], "texture": "#1"}
			}
		},
		{
			"from": [7, 2, 10.7],
			"to": [9, 3, 11],
			"rotation": {"angle": 0, "axis": "y", "origin": [8, 2.5, 10.85]},
			"faces": {
				"north": {"uv": [0.5, 0, 1.5, 0.5], "texture": "#1"},
				"east": {"uv": [1, 2.5, 1.15, 3], "texture": "#1"},
				"south": {"uv": [0.5, 0, 1.5, 0.5], "texture": "#1"},
				"west": {"uv": [1, 2.5, 1.15, 3], "texture": "#1"},
				"up": {"uv": [1, 2.5, 1.15, 3.5], "rotation": 90, "texture": "#1"},
				"down": {"uv": [0.5, 0, 0.65, 1], "rotation": 270, "texture": "#1"}
			}
		},
		{
			"from": [10.7, 2, 7],
			"to": [11, 3, 9],
			"rotation": {"angle": 0, "axis": "y", "origin": [10.85, 2.5, 8]},
			"faces": {
				"north": {"uv": [1, 2.5, 1.15, 3], "texture": "#1"},
				"east": {"uv": [0.5, 0, 1.5, 0.5], "texture": "#1"},
				"south": {"uv": [1, 2.5, 1.15, 3], "texture": "#1"},
				"west": {"uv": [0.5, 0, 1.5, 0.5], "texture": "#1"},
				"up": {"uv": [1, 2.5, 1.15, 3.5], "texture": "#1"},
				"down": {"uv": [0.5, 0, 0.65, 1], "texture": "#1"}
			}
		},
		{
			"from": [5, 2, 5],
			"to": [5.3, 2, 11],
			"rotation": {"angle": 0, "axis": "y", "origin": [3, 0, 7]},
			"faces": {
				"north": {"uv": [0, 0, 0.15, 0.5], "texture": "#1"},
				"east": {"uv": [0, 0.5, 3, 1], "texture": "#1"},
				"south": {"uv": [0, 0, 0.15, 0.5], "texture": "#1"},
				"west": {"uv": [0, 0.5, 3, 1], "texture": "#1"},
				"up": {"uv": [0, 3, 3, 3.15], "rotation": 270, "texture": "#1"},
				"down": {"uv": [0, 3, 3, 3.15], "rotation": 90, "texture": "#1"}
			}
		},
		{
			"from": [5, 2, 10.7],
			"to": [11, 2, 11],
			"rotation": {"angle": 0, "axis": "y", "origin": [7, 0, 13]},
			"faces": {
				"north": {"uv": [0, 0.5, 3, 1], "texture": "#1"},
				"east": {"uv": [0, 0, 0.15, 0.5], "texture": "#1"},
				"south": {"uv": [0, 0.5, 3, 1], "texture": "#1"},
				"west": {"uv": [0, 0, 0.15, 0.5], "texture": "#1"},
				"up": {"uv": [0, 3, 3, 3.15], "rotation": 180, "texture": "#1"},
				"down": {"uv": [0, 3, 3, 3.15], "rotation": 180, "texture": "#1"}
			}
		},
		{
			"from": [10.7, 2, 5],
			"to": [11, 2, 11],
			"rotation": {"angle": 0, "axis": "y", "origin": [8.7, 0, 7]},
			"faces": {
				"north": {"uv": [0, 0, 0.15, 0.5], "texture": "#1"},
				"east": {"uv": [0, 0.5, 3, 1], "texture": "#1"},
				"south": {"uv": [0, 0, 0.15, 0.5], "texture": "#1"},
				"west": {"uv": [0, 0.5, 3, 1], "texture": "#1"},
				"up": {"uv": [0, 3, 3, 3.15], "rotation": 270, "texture": "#1"},
				"down": {"uv": [0, 3, 1.5, 3.15], "rotation": 90, "texture": "#1"}
			}
		},
		{
			"from": [5, 2, 5],
			"to": [11, 2, 5.3],
			"rotation": {"angle": 0, "axis": "y", "origin": [9, 0, 3]},
			"faces": {
				"north": {"uv": [0, 0.5, 3, 1], "texture": "#1"},
				"east": {"uv": [0, 0, 0.15, 0.5], "texture": "#1"},
				"south": {"uv": [0, 0.5, 3, 1], "texture": "#1"},
				"west": {"uv": [0, 0, 0.15, 0.5], "texture": "#1"},
				"up": {"uv": [0, 3, 3, 3.15], "texture": "#1"},
				"down": {"uv": [0, 3, 1.5, 3.15], "texture": "#1"}
			}
		},
		{
			"from": [5, 6, 5],
			"to": [5.3, 6, 11],
			"rotation": {"angle": 0, "axis": "y", "origin": [3, 4, 7]},
			"faces": {
				"north": {"uv": [0, 0, 0.15, 0.5], "texture": "#1"},
				"east": {"uv": [0, 0.5, 3, 1], "texture": "#1"},
				"south": {"uv": [0, 0, 0.15, 0.5], "texture": "#1"},
				"west": {"uv": [0, 0.5, 3, 1], "texture": "#1"},
				"up": {"uv": [3, 1.35, 6, 1.5], "rotation": 270, "texture": "#1"},
				"down": {"uv": [3, 1.35, 6, 1.5], "rotation": 90, "texture": "#1"}
			}
		},
		{
			"from": [5, 6, 10.7],
			"to": [11, 6, 11],
			"rotation": {"angle": 0, "axis": "y", "origin": [7, 4, 13]},
			"faces": {
				"north": {"uv": [0, 0.5, 3, 1], "texture": "#1"},
				"east": {"uv": [0, 0, 0.15, 0.5], "texture": "#1"},
				"south": {"uv": [0, 0.5, 3, 1], "texture": "#1"},
				"west": {"uv": [0, 0, 0.15, 0.5], "texture": "#1"},
				"up": {"uv": [3, 1.35, 6, 1.5], "rotation": 180, "texture": "#1"},
				"down": {"uv": [3, 1.35, 6, 1.5], "rotation": 180, "texture": "#1"}
			}
		},
		{
			"from": [10.7, 6, 5],
			"to": [11, 6, 11],
			"rotation": {"angle": 0, "axis": "y", "origin": [8.7, 4, 7]},
			"faces": {
				"north": {"uv": [0, 0, 0.15, 0.5], "texture": "#1"},
				"east": {"uv": [0, 0.5, 3, 1], "texture": "#1"},
				"south": {"uv": [0, 0, 0.15, 0.5], "texture": "#1"},
				"west": {"uv": [0, 0.5, 3, 1], "texture": "#1"},
				"up": {"uv": [3, 1.35, 6, 1.5], "rotation": 270, "texture": "#1"},
				"down": {"uv": [3, 1.35, 6, 1.5], "rotation": 90, "texture": "#1"}
			}
		},
		{
			"from": [5, 6, 5],
			"to": [11, 6, 5.3],
			"rotation": {"angle": 0, "axis": "y", "origin": [9, 4, 3]},
			"faces": {
				"north": {"uv": [0, 0.5, 3, 1], "texture": "#1"},
				"east": {"uv": [0, 0, 0.15, 0.5], "texture": "#1"},
				"south": {"uv": [0, 0.5, 3, 1], "texture": "#1"},
				"west": {"uv": [0, 0, 0.15, 0.5], "texture": "#1"},
				"up": {"uv": [3, 1.35, 6, 1.5], "texture": "#1"},
				"down": {"uv": [3, 1.35, 6, 1.5], "texture": "#1"}
			}
		},
		{
			"from": [6.5, 1.5, 6.5],
			"to": [9.5, 4.5, 9.5],
			"rotation": {"angle": 0, "axis": "y", "origin": [6.5, 1.5, 6.5]},
			"faces": {
				"north": {"uv": [0, 8, 1.5, 9.5], "texture": "#1"},
				"east": {"uv": [0, 8, 1.5, 9.5], "texture": "#1"},
				"south": {"uv": [0, 8, 1.5, 9.5], "texture": "#1"},
				"west": {"uv": [0, 8, 1.5, 9.5], "texture": "#1"},
				"up": {"uv": [0, 8, 1.5, 8.5], "texture": "#1"},
				"down": {"uv": [0, 8, 1.5, 8.5], "texture": "#1"}
			}
		}
	],
	"display": {
		"thirdperson_righthand": {
			"rotation": [0, 90, 0],
			"translation": [0, 4.95, 1.5],
			"scale": [0.62, 0.62, 0.62]
		},
		"thirdperson_lefthand": {
			"rotation": [0, 90, 0],
			"translation": [0, 4.95, 1.5],
			"scale": [0.62, 0.62, 0.62]
		},
		"firstperson_righthand": {
			"rotation": [0.73, 114, -0.13],
			"translation": [-3.5, 6.5, 5],
			"scale": [0.31, 0.34, 0.31]
		},
		"firstperson_lefthand": {
			"rotation": [0.73, 114, -0.13],
			"translation": [-3.5, 6.75, 5],
			"scale": [0.31, 0.35, 0.31]
		}
	},
	"groups": [
		{
			"name": "shulker top",
			"origin": [5, 0, 5],
			"color": 0,
			"children": [
				{
					"name": "rind",
					"origin": [3, 0, 7],
					"color": 0,
					"children": [
						0,
						1,
						2,
						3,
						{
							"name": "rind",
							"origin": [3, 0, 7],
							"color": 0,
							"children": [4, 5, 6, 7]
						}
					]
				},
				{
					"name": "edge rind upper",
					"origin": [8, 4.5, 5.15],
					"color": 0,
					"children": [8, 9, 10, 11]
				},
				12,
				13
			]
		},
		{
			"name": "shulker bottom",
			"origin": [8, 2.5, 5.15],
			"color": 0,
			"children": [
				14,
				15,
				{
					"name": "edge rind",
					"origin": [8, 2.5, 5.15],
					"color": 0,
					"children": [16, 17, 18, 19]
				},
				{
					"name": "rind",
					"origin": [3, 0, 7],
					"color": 0,
					"children": [
						20,
						21,
						22,
						23,
						{
							"name": "rind",
							"origin": [3, 0, 7],
							"color": 0,
							"children": [24, 25, 26, 27]
						}
					]
				}
			]
		},
		28
	]
}