{
	"format_version": "1.21.6",
	"credit": "Made with Blockbench",
	"textures": {
		"2": "item/slime_spawn_egg_hand",
		"particle": "item/slime_spawn_egg_hand"
	},
	"elements": [
		{
			"name": "egg",
			"from": [5, 0, 5],
			"to": [11, 7, 11],
			"light_emission": 7,
			"rotation": {"angle": 0, "axis": "y", "origin": [5, 0, 5]},
			"faces": {
				"north": {"uv": [0, 1, 6, 8], "texture": "#2"},
				"east": {"uv": [6, 1, 12, 8], "texture": "#2"},
				"south": {"uv": [6, 1, 12, 8], "texture": "#2"},
				"west": {"uv": [12, 1, 6, 8], "texture": "#2"},
				"up": {"uv": [6, 14, 0, 8], "texture": "#2"},
				"down": {"uv": [12, 8, 6, 14], "texture": "#2"}
			}
		},
		{
			"name": "egg",
			"from": [5, 0, 5],
			"to": [11, 7, 11],
			"light_emission": 7,
			"rotation": {"angle": 0, "axis": "y", "origin": [5, 0, 5]},
			"faces": {
				"north": {"uv": [0, 1, 6, 8], "texture": "#2"},
				"east": {"uv": [6, 1, 12, 8], "texture": "#2"},
				"south": {"uv": [6, 1, 12, 8], "texture": "#2"},
				"west": {"uv": [12, 1, 6, 8], "texture": "#2"},
				"up": {"uv": [6, 14, 0, 8], "texture": "#2"},
				"down": {"uv": [12, 8, 6, 14], "texture": "#2"}
			}
		},
		{
			"name": "egg",
			"from": [5, 0, 5],
			"to": [11, 7, 11],
			"light_emission": 10,
			"rotation": {"angle": 0, "axis": "y", "origin": [5, 0, 5]},
			"faces": {
				"north": {"uv": [0, 1, 6, 8], "texture": "#2"},
				"east": {"uv": [6, 1, 12, 8], "texture": "#2"},
				"south": {"uv": [6, 1, 12, 8], "texture": "#2"},
				"west": {"uv": [12, 1, 6, 8], "texture": "#2"},
				"up": {"uv": [6, 14, 0, 8], "texture": "#2"},
				"down": {"uv": [12, 8, 6, 14], "texture": "#2"}
			}
		},
		{
			"name": "egg",
			"from": [6.1124, 1.4832, 6.1124],
			"to": [9.8876, 5.4664, 9.8876],
			"light_emission": 7,
			"rotation": {"angle": 0, "axis": "y", "origin": [6.1124, 1.4832, 6.1124]},
			"faces": {
				"north": {"uv": [12, 1.04339, 16, 5], "texture": "#2"},
				"east": {"uv": [16, 1.04339, 12, 5], "texture": "#2"},
				"south": {"uv": [12, 1.04339, 16, 5], "texture": "#2"},
				"west": {"uv": [16, 1.04339, 12, 5], "texture": "#2"},
				"up": {"uv": [16, 9, 12, 5], "texture": "#2"},
				"down": {"uv": [16, 9, 12, 13], "texture": "#2"}
			}
		},
		{
			"name": "egg",
			"from": [6.1124, 1.4832, 6.1124],
			"to": [9.8876, 5.4664, 9.8876],
			"light_emission": 7,
			"rotation": {"angle": 0, "axis": "y", "origin": [6.1124, 1.4832, 6.1124]},
			"faces": {
				"north": {"uv": [12, 1.04339, 16, 5], "texture": "#2"},
				"east": {"uv": [16, 1.04339, 12, 5], "texture": "#2"},
				"south": {"uv": [12, 1.04339, 16, 5], "texture": "#2"},
				"west": {"uv": [16, 1.04339, 12, 5], "texture": "#2"},
				"up": {"uv": [16, 9, 12, 5], "texture": "#2"},
				"down": {"uv": [16, 9, 12, 13], "texture": "#2"}
			}
		},
		{
			"name": "egg",
			"from": [6.1124, 1.4832, 6.1124],
			"to": [9.8876, 5.4664, 9.8876],
			"light_emission": 7,
			"rotation": {"angle": 0, "axis": "y", "origin": [6.1124, 1.4832, 6.1124]},
			"faces": {
				"north": {"uv": [12, 1.04339, 16, 5], "texture": "#2"},
				"east": {"uv": [16, 1.04339, 12, 5], "texture": "#2"},
				"south": {"uv": [12, 1.04339, 16, 5], "texture": "#2"},
				"west": {"uv": [16, 1.04339, 12, 5], "texture": "#2"},
				"up": {"uv": [16, 9, 12, 5], "texture": "#2"},
				"down": {"uv": [16, 9, 12, 13], "texture": "#2"}
			}
		},
		{
			"name": "egg_outline",
			"from": [11.2, 7.2, 11.2],
			"to": [4.8, -0.2, 4.8],
			"rotation": {"angle": 0, "axis": "y", "origin": [5, 0, 5]},
			"faces": {
				"north": {"uv": [0, 14, 2, 16], "rotation": 180, "texture": "#2"},
				"east": {"uv": [2, 14, 0, 16], "rotation": 180, "texture": "#2"},
				"south": {"uv": [0, 14, 2, 16], "rotation": 180, "texture": "#2"},
				"west": {"uv": [0, 14, 2, 16], "rotation": 180, "texture": "#2"},
				"up": {"uv": [2, 14, 0, 15], "rotation": 180, "texture": "#2"},
				"down": {"uv": [2, 15, 0, 14], "rotation": 180, "texture": "#2"}
			}
		},
		{
			"name": "egg_outline",
			"from": [11.2, 7.2, 11.2],
			"to": [4.8, -0.2, 4.8],
			"rotation": {"angle": 0, "axis": "y", "origin": [5, 0, 5]},
			"faces": {
				"north": {"uv": [0, 14, 2, 16], "rotation": 180, "texture": "#2"},
				"east": {"uv": [2, 14, 0, 16], "rotation": 180, "texture": "#2"},
				"south": {"uv": [0, 14, 2, 16], "rotation": 180, "texture": "#2"},
				"west": {"uv": [0, 14, 2, 16], "rotation": 180, "texture": "#2"},
				"up": {"uv": [2, 14, 0, 15], "rotation": 180, "texture": "#2"},
				"down": {"uv": [2, 15, 0, 14], "rotation": 180, "texture": "#2"}
			}
		}
	],
	"display": {
		"thirdperson_righthand": {
			"rotation": [0, 90, 0],
			"translation": [0, 4.95, 1.5],
			"scale": [0.62, 0.62, 0.62]
		},
		"thirdperson_lefthand": {
			"rotation": [0, 90, 0],
			"translation": [0, 4.95, 1.5],
			"scale": [0.62, 0.62, 0.62]
		},
		"firstperson_righthand": {
			"rotation": [0.73, 114, -0.13],
			"translation": [-3.5, 6.5, 5],
			"scale": [0.31, 0.34, 0.31]
		},
		"firstperson_lefthand": {
			"rotation": [0.73, 114, -0.13],
			"translation": [-3.5, 6.75, 5],
			"scale": [0.31, 0.35, 0.31]
		}
	}
}