{
	"format_version": "1.21.6",
	"credit": "Made with Blockbench",
	"texture_size": [32, 32],
	"textures": {
		"1": "item/splash_bottle_hand",
		"particle": "item/splash_bottle_hand"
	},
	"elements": [
		{
			"from": [4.3, 0, 4.3],
			"to": [11.7, 6.2, 11.7],
			"rotation": {"angle": 0, "axis": "y", "origin": [8.5, 1.2, 7.5]},
			"faces": {
				"north": {"uv": [3.5, 0, 7, 3], "texture": "#1"},
				"east": {"uv": [3.5, 3, 7, 6], "texture": "#1"},
				"south": {"uv": [3.5, 6, 7, 9], "texture": "#1"},
				"west": {"uv": [0, 7, 3.5, 10], "texture": "#1"},
				"up": {"uv": [3.5, 3.5, 0, 0], "texture": "#1"},
				"down": {"uv": [3.5, 3.5, 0, 7], "texture": "#1"}
			}
		},
		{
			"from": [4, 8.2, 5],
			"to": [10, 10.2, 11],
			"rotation": {"angle": 22.5, "axis": "z", "origin": [7, 8.675, 8]},
			"faces": {
				"north": {"uv": [12, 0, 15, 1], "texture": "#1"},
				"east": {"uv": [12, 1, 15, 2], "texture": "#1"},
				"south": {"uv": [2, 12, 5, 13], "texture": "#1"},
				"west": {"uv": [12, 2, 15, 3], "texture": "#1"},
				"up": {"uv": [10, 3, 7, 0], "texture": "#1"},
				"down": {"uv": [10, 3, 7, 6], "texture": "#1"}
			}
		},
		{
			"from": [5, 5.1, 6],
			"to": [9, 11.2, 10],
			"rotation": {"angle": 22.5, "axis": "z", "origin": [7, 8.675, 8]},
			"faces": {
				"north": {"uv": [6.5, 9, 8.5, 12], "texture": "#1"},
				"east": {"uv": [8.5, 9, 10.5, 12], "texture": "#1"},
				"south": {"uv": [0, 10, 2, 13], "texture": "#1"},
				"west": {"uv": [10, 0, 12, 3], "texture": "#1"},
				"up": {"uv": [10.5, 11.5, 12.5, 9.5], "texture": "#1"},
				"down": {"uv": [12.5, 11.5, 10.5, 13.5], "texture": "#1"}
			}
		},
		{
			"from": [5.3, 1, 5.3],
			"to": [10.8, 4, 10.8],
			"rotation": {"angle": 0, "axis": "y", "origin": [5.4, 1, 5.4]},
			"faces": {
				"north": {"uv": [10, 3.5, 13, 5], "texture": "#1", "tintindex": 0},
				"east": {"uv": [10, 5, 13, 6.5], "texture": "#1", "tintindex": 0},
				"south": {"uv": [10, 6.5, 13, 8], "texture": "#1", "tintindex": 0},
				"west": {"uv": [10.5, 8, 13.5, 9.5], "texture": "#1", "tintindex": 0},
				"up": {"uv": [10, 9, 7, 6], "texture": "#1", "tintindex": 0},
				"down": {"uv": [6.5, 9, 3.5, 12], "texture": "#1", "tintindex": 0}
			}
		}
	],
	"display": {
		"thirdperson_righthand": {
			"rotation": [0, 90, 0],
			"translation": [0, 4, 1.5],
			"scale": [0.5, 0.5, 0.5]
		},
		"thirdperson_lefthand": {
			"rotation": [0, -90, 0],
			"translation": [0, 4, 1.5],
			"scale": [0.5, 0.5, 0.5]
		},
		"firstperson_righthand": {
			"rotation": [0.73, -78, -0.13],
			"translation": [-2.75, 5.25, 4.25],
			"scale": [0.31, 0.34, 0.31]
		},
		"firstperson_lefthand": {
			"rotation": [-178.8, 78.25, 179.36],
			"translation": [-2.75, 5.25, 4.25],
			"scale": [0.31, 0.34, 0.31]
		},
		"ground": {
			"translation": [0, 4, 0],
			"scale": [0.52, 0.52, 0.52]
		},
		"gui": {
			"translation": [0.75, 3, 3.25],
			"scale": [1.27, 1.27, 1.27]
		},
		"head": {
			"translation": [0, 14.5, 0]
		},
		"fixed": {
			"translation": [0, 3.75, 3.25],
			"scale": [1.47, 1.47, 1.47]
		}
	}
}