{
	"credit": "Made with Blockbench",
	"texture_size": [32, 32],
	"textures": {
		"1": "item/totem_of_undying_hand",
		"particle": "item/totem_of_undying_hand"
	},
	"elements": [
		{
			"name": "head",
			"from": [5, 5, 6.25],
			"to": [11, 12, 12.25],
			"light_emission": 10,
			"rotation": {"angle": 0, "axis": "y", "origin": [5, 5, 6.25]},
			"faces": {
				"north": {"uv": [0, 0, 3, 3.5], "texture": "#1"},
				"east": {"uv": [3, 0, 6, 3.5], "texture": "#1"},
				"south": {"uv": [0, 3.5, 3, 7], "texture": "#1"},
				"west": {"uv": [3, 3.5, 6, 7], "texture": "#1"},
				"up": {"uv": [3, 10, 0, 7], "texture": "#1"},
				"down": {"uv": [6, 7, 3, 10], "texture": "#1"}
			}
		},
		{
			"name": "nose",
			"from": [7, 5.025, 5.225],
			"to": [9, 9, 6.625],
			"light_emission": 10,
			"rotation": {"angle": 0, "axis": "y", "origin": [5, 1, 1.225]},
			"faces": {
				"north": {"uv": [9, 7, 10, 9], "texture": "#1"},
				"east": {"uv": [10, 10, 10.5, 12], "texture": "#1"},
				"south": {"uv": [8, 9, 9, 11], "texture": "#1"},
				"west": {"uv": [6, 10.5, 6.5, 12.5], "texture": "#1"},
				"up": {"uv": [4, 11.5, 3, 11], "texture": "#1"},
				"down": {"uv": [12, 5.5, 11, 6], "texture": "#1"}
			}
		},
		{
			"name": "feet",
			"from": [6, 0, 8.05],
			"to": [10, 2, 10.45],
			"light_emission": 10,
			"rotation": {"angle": 0, "axis": "y", "origin": [5, -5, 6.25]},
			"faces": {
				"north": {"uv": [9, 9, 11, 10], "texture": "#1"},
				"east": {"uv": [6.5, 10.5, 7.5, 11.5], "texture": "#1"},
				"south": {"uv": [9, 9, 11, 10], "texture": "#1"},
				"west": {"uv": [6.5, 10.5, 7.5, 11.5], "texture": "#1"},
				"up": {"uv": [2, 11, 0, 10], "texture": "#1"},
				"down": {"uv": [4, 10, 2, 11], "texture": "#1"}
			}
		},
		{
			"name": "body",
			"from": [5, 2, 7.25],
			"to": [11, 5, 11.25],
			"light_emission": 10,
			"rotation": {"angle": 0, "axis": "y", "origin": [5, -2, 6.25]},
			"faces": {
				"north": {"uv": [9, 4, 12, 5.5], "texture": "#1"},
				"east": {"uv": [9, 5.5, 11, 7], "texture": "#1"},
				"south": {"uv": [9, 4, 12, 5.5], "texture": "#1"},
				"west": {"uv": [9, 5.5, 11, 7], "texture": "#1"},
				"up": {"uv": [9, 9, 6, 7], "texture": "#1"},
				"down": {"uv": [12, 0, 9, 2], "texture": "#1"}
			}
		},
		{
			"from": [3, 3, 8.7],
			"to": [5, 6, 9.7],
			"light_emission": 10,
			"rotation": {"angle": 0, "axis": "y", "origin": [3, 3, 7.7]},
			"faces": {
				"north": {"uv": [10, 7, 11, 8.5], "texture": "#1"},
				"east": {"uv": [0, 11, 0.5, 12.5], "texture": "#1"},
				"south": {"uv": [9, 10, 10, 11.5], "texture": "#1"},
				"west": {"uv": [0.5, 11, 1, 12.5], "texture": "#1"},
				"up": {"uv": [2, 11.5, 1, 11], "texture": "#1"},
				"down": {"uv": [3, 11, 2, 11.5], "texture": "#1"}
			}
		},
		{
			"from": [2, 4, 8.7],
			"to": [3, 6, 9.7],
			"light_emission": 10,
			"rotation": {"angle": 0, "axis": "y", "origin": [2, 3, 7.7]},
			"faces": {
				"north": {"uv": [11, 7, 11.5, 8], "texture": "#1"},
				"east": {"uv": [8, 11, 8.5, 12], "texture": "#1"},
				"south": {"uv": [8.5, 11, 9, 12], "texture": "#1"},
				"west": {"uv": [11, 9, 11.5, 10], "texture": "#1"},
				"up": {"uv": [11.5, 8.5, 11, 8], "texture": "#1"},
				"down": {"uv": [11.5, 10, 11, 10.5], "texture": "#1"}
			}
		},
		{
			"from": [11, 3, 8.7],
			"to": [13, 6, 9.7],
			"light_emission": 10,
			"rotation": {"angle": 0, "axis": "y", "origin": [11, 3, 7.7]},
			"faces": {
				"north": {"uv": [10, 7, 11, 8.5], "texture": "#1"},
				"east": {"uv": [0, 11, 0.5, 12.5], "texture": "#1"},
				"south": {"uv": [9, 10, 10, 11.5], "texture": "#1"},
				"west": {"uv": [0.5, 11, 1, 12.5], "texture": "#1"},
				"up": {"uv": [2, 11.5, 1, 11], "texture": "#1"},
				"down": {"uv": [3, 11, 2, 11.5], "texture": "#1"}
			}
		},
		{
			"from": [13, 4, 8.7],
			"to": [14, 6, 9.7],
			"light_emission": 10,
			"rotation": {"angle": 0, "axis": "y", "origin": [13, 3, 7.7]},
			"faces": {
				"north": {"uv": [11, 7, 11.5, 8], "texture": "#1"},
				"east": {"uv": [8, 11, 8.5, 12], "texture": "#1"},
				"south": {"uv": [8.5, 11, 9, 12], "texture": "#1"},
				"west": {"uv": [11, 9, 11.5, 10], "texture": "#1"},
				"up": {"uv": [11.5, 8.5, 11, 8], "texture": "#1"},
				"down": {"uv": [11.5, 10, 11, 10.5], "texture": "#1"}
			}
		},
		{
			"name": "head_outline",
			"from": [4.8, 12.2, 6.05],
			"to": [11.2, 7.2, 7.25],
			"light_emission": 10,
			"rotation": {"angle": 0, "axis": "y", "origin": [5, 5, 6.25]},
			"faces": {
				"north": {"uv": [0, 13.98649, 2, 15], "texture": "#1"},
				"east": {"uv": [0, 13.98649, 2, 15], "texture": "#1"},
				"south": {"uv": [2, 13.97297, 5, 16], "texture": "#1"},
				"west": {"uv": [0, 13.98649, 2, 15], "texture": "#1"},
				"up": {"uv": [4, 13.5, 2, 13], "texture": "#1"},
				"down": {"uv": [0, 13.5, 2, 13], "texture": "#1"}
			}
		},
		{
			"name": "head_outline",
			"from": [4.8, 12.2, 11.25],
			"to": [11.2, 4.8, 12.45],
			"rotation": {"angle": 0, "axis": "y", "origin": [5, 5, 11.45]},
			"faces": {
				"north": {"uv": [2, 13, 5, 16], "texture": "#1"},
				"east": {"uv": [0, 13.5, 2, 15], "texture": "#1"},
				"south": {"uv": [0, 13.5, 2, 15], "texture": "#1"},
				"west": {"uv": [0, 13.5, 2, 15], "texture": "#1"},
				"up": {"uv": [0, 13.5, 2, 13], "texture": "#1"},
				"down": {"uv": [0, 13.5, 2, 13], "texture": "#1"}
			}
		},
		{
			"name": "head_outline",
			"from": [4.8, 12.2, 7.25],
			"to": [11.2, 4.8, 11.45],
			"rotation": {"angle": 0, "axis": "y", "origin": [5, 5, 7.45]},
			"faces": {
				"north": {"uv": [2, 13, 5, 16], "texture": "#1"},
				"east": {"uv": [0, 13.5, 2, 15], "texture": "#1"},
				"south": {"uv": [2, 13, 5, 16], "texture": "#1"},
				"west": {"uv": [0, 13.5, 2, 15], "texture": "#1"},
				"up": {"uv": [5, 16, 2, 14], "texture": "#1"},
				"down": {"uv": [0, 13.5, 2, 13], "texture": "#1"}
			}
		},
		{
			"name": "body_outline_outline",
			"from": [11.2, 4.8, 11.45],
			"to": [4.8, 1.8, 11.25],
			"rotation": {"angle": 0, "axis": "y", "origin": [5, -2, 10.45]},
			"faces": {
				"north": {"uv": [0, 13, 2, 13.5], "texture": "#1"},
				"east": {"uv": [2, 13, 0, 14.5], "texture": "#1"},
				"south": {"uv": [2, 14, 5, 16], "texture": "#1"},
				"west": {"uv": [0, 13, 2, 14.5], "texture": "#1"},
				"up": {"uv": [0, 13.5, 2, 15], "texture": "#1"},
				"down": {"uv": [2, 13, 5, 16], "texture": "#1"}
			}
		},
		{
			"name": "cube_outline",
			"from": [4.5, 6.2, 9.9],
			"to": [2.8, 2.8, 8.5],
			"rotation": {"angle": 0, "axis": "y", "origin": [3, 3, 7.7]},
			"faces": {
				"north": {"uv": [0.29167, 13, 1, 14.5], "rotation": 180, "texture": "#1"},
				"east": {"uv": [0.5, 16, 1, 14.5], "rotation": 180, "texture": "#1"},
				"south": {"uv": [0, 13, 0.70833, 14.5], "rotation": 180, "texture": "#1"},
				"west": {"uv": [2.5, 13, 3, 14.5], "rotation": 180, "texture": "#1"},
				"up": {"uv": [1, 14, 0.29167, 14.5], "rotation": 180, "texture": "#1"},
				"down": {"uv": [1, 14.5, 0.29167, 14], "rotation": 180, "texture": "#1"}
			}
		},
		{
			"name": "cube_outline",
			"from": [13.2, 6.2, 9.9],
			"to": [11.5, 2.8, 8.5],
			"rotation": {"angle": 0, "axis": "y", "origin": [11, 3, 7.7]},
			"faces": {
				"north": {"uv": [0, 13, 0.70833, 14.5], "rotation": 180, "texture": "#1"},
				"east": {"uv": [2, 16, 2.5, 14.5], "rotation": 180, "texture": "#1"},
				"south": {"uv": [0.29167, 13, 1, 14.5], "rotation": 180, "texture": "#1"},
				"west": {"uv": [0, 16, 0.5, 14.5], "rotation": 180, "texture": "#1"},
				"up": {"uv": [0.70833, 14, 0, 14.5], "rotation": 180, "texture": "#1"},
				"down": {"uv": [0.70833, 14.5, 0, 14], "rotation": 180, "texture": "#1"}
			}
		},
		{
			"name": "cube_outline",
			"from": [1.8, 6.2, 8.5],
			"to": [2.8, 3.8, 9.9],
			"rotation": {"angle": 0, "axis": "y", "origin": [2, 3, 7.7]},
			"faces": {
				"north": {"uv": [1, 14, 1.5, 15], "rotation": 180, "texture": "#1"},
				"east": {"uv": [1.5, 15.5, 2, 16], "rotation": 180, "texture": "#1"},
				"south": {"uv": [1, 13.5, 1.5, 13.5], "rotation": 180, "texture": "#1"},
				"west": {"uv": [1, 14, 1.5, 15], "rotation": 180, "texture": "#1"},
				"up": {"uv": [1.5, 14.5, 1, 14], "rotation": 180, "texture": "#1"},
				"down": {"uv": [1.5, 13.5, 1, 14], "rotation": 180, "texture": "#1"}
			}
		},
		{
			"name": "cube_outline",
			"from": [13.2, 6.2, 8.5],
			"to": [14.2, 3.8, 9.9],
			"rotation": {"angle": 0, "axis": "y", "origin": [13.4, 3, 7.7]},
			"faces": {
				"north": {"uv": [1, 14, 1.5, 15], "rotation": 180, "texture": "#1"},
				"east": {"uv": [1.5, 14.5, 2, 15], "rotation": 180, "texture": "#1"},
				"south": {"uv": [1, 13.5, 1.5, 13.5], "rotation": 180, "texture": "#1"},
				"west": {"uv": [1, 15, 1.5, 16], "rotation": 180, "texture": "#1"},
				"up": {"uv": [1.5, 14.5, 1, 14], "rotation": 180, "texture": "#1"},
				"down": {"uv": [1.5, 13.5, 1, 14], "rotation": 180, "texture": "#1"}
			}
		},
		{
			"name": "feet_outline",
			"from": [10.2, 2.2, 10.65],
			"to": [5.8, -0.2, 7.85],
			"rotation": {"angle": 0, "axis": "y", "origin": [5, -5, 6.25]},
			"faces": {
				"north": {"uv": [0, 13.5, 2, 14.5], "rotation": 180, "texture": "#1"},
				"east": {"uv": [0.5, 13.5, 1.5, 14.5], "rotation": 90, "texture": "#1"},
				"south": {"uv": [0, 13.5, 2, 14.5], "rotation": 180, "texture": "#1"},
				"west": {"uv": [0.5, 13.5, 1.5, 14.5], "rotation": 90, "texture": "#1"},
				"up": {"uv": [1, 13.5, 0.5, 14.5], "rotation": 180, "texture": "#1"},
				"down": {"uv": [1, 14.5, 0.5, 13.5], "rotation": 180, "texture": "#1"}
			}
		},
		{
			"name": "body_outline",
			"from": [11.2, 3.4, 11.45],
			"to": [9.9, 1.8, 7.05],
			"rotation": {"angle": 0, "axis": "y", "origin": [5, -2, 6.25]},
			"faces": {
				"north": {"uv": [0, 13.79412, 0.40625, 14.5], "rotation": 180, "texture": "#1"},
				"east": {"uv": [2, 13.79412, 3, 14.5], "rotation": 180, "texture": "#1"},
				"south": {"uv": [1.59375, 13.79412, 2, 14.5], "rotation": 180, "texture": "#1"},
				"west": {"uv": [0, 13.79412, 1, 14.5], "rotation": 180, "texture": "#1"},
				"up": {"uv": [0.40625, 13, 0, 15], "rotation": 180, "texture": "#1"},
				"down": {"uv": [0.40625, 15, 0, 13], "rotation": 180, "texture": "#1"}
			}
		},
		{
			"name": "body_outline",
			"from": [6.1, 3.4, 11.45],
			"to": [4.8, 1.8, 7.05],
			"rotation": {"angle": 0, "axis": "y", "origin": [5, -2, 6.25]},
			"faces": {
				"north": {"uv": [1.59375, 13.79412, 2, 14.5], "rotation": 180, "texture": "#1"},
				"east": {"uv": [0, 13.79412, 1, 14.5], "rotation": 180, "texture": "#1"},
				"south": {"uv": [0, 13.79412, 0.40625, 14.5], "rotation": 180, "texture": "#1"},
				"west": {"uv": [2.5, 13.79412, 3.5, 14.5], "rotation": 180, "texture": "#1"},
				"up": {"uv": [2, 13, 1.59375, 15], "rotation": 180, "texture": "#1"},
				"down": {"uv": [2, 15, 1.59375, 13], "rotation": 180, "texture": "#1"}
			}
		},
		{
			"name": "head_outline",
			"from": [4.8, 12.2, 6.05],
			"to": [11.2, 7.2, 7.25],
			"light_emission": 10,
			"rotation": {"angle": 0, "axis": "y", "origin": [5, 5, 6.25]},
			"faces": {
				"north": {"uv": [0, 13.98649, 2, 15], "texture": "#1"},
				"east": {"uv": [0, 13.98649, 2, 15], "texture": "#1"},
				"south": {"uv": [2, 13.97297, 5, 16], "texture": "#1"},
				"west": {"uv": [0, 13.98649, 2, 15], "texture": "#1"},
				"up": {"uv": [4, 13.5, 2, 13], "texture": "#1"},
				"down": {"uv": [0, 13.5, 2, 13], "texture": "#1"}
			}
		},
		{
			"name": "head_outline",
			"from": [4.8, 12.2, 11.25],
			"to": [11.2, 4.8, 12.45],
			"rotation": {"angle": 0, "axis": "y", "origin": [5, 5, 11.45]},
			"faces": {
				"north": {"uv": [2, 13, 5, 16], "texture": "#1"},
				"east": {"uv": [0, 13.5, 2, 15], "texture": "#1"},
				"south": {"uv": [0, 13.5, 2, 15], "texture": "#1"},
				"west": {"uv": [0, 13.5, 2, 15], "texture": "#1"},
				"up": {"uv": [0, 13.5, 2, 13], "texture": "#1"},
				"down": {"uv": [0, 13.5, 2, 13], "texture": "#1"}
			}
		},
		{
			"name": "head_outline",
			"from": [4.8, 12.2, 7.25],
			"to": [11.2, 4.8, 11.45],
			"rotation": {"angle": 0, "axis": "y", "origin": [5, 5, 7.45]},
			"faces": {
				"north": {"uv": [2, 13, 5, 16], "texture": "#1"},
				"east": {"uv": [0, 13.5, 2, 15], "texture": "#1"},
				"south": {"uv": [2, 13, 5, 16], "texture": "#1"},
				"west": {"uv": [0, 13.5, 2, 15], "texture": "#1"},
				"up": {"uv": [5, 16, 2, 14], "texture": "#1"},
				"down": {"uv": [0, 13.5, 2, 13], "texture": "#1"}
			}
		},
		{
			"name": "body_outline_outline",
			"from": [11.2, 4.8, 11.45],
			"to": [4.8, 1.8, 11.25],
			"rotation": {"angle": 0, "axis": "y", "origin": [5, -2, 10.45]},
			"faces": {
				"north": {"uv": [0, 13, 2, 13.5], "texture": "#1"},
				"east": {"uv": [2, 13, 0, 14.5], "texture": "#1"},
				"south": {"uv": [2, 14, 5, 16], "texture": "#1"},
				"west": {"uv": [0, 13, 2, 14.5], "texture": "#1"},
				"up": {"uv": [0, 13.5, 2, 15], "texture": "#1"},
				"down": {"uv": [2, 13, 5, 16], "texture": "#1"}
			}
		},
		{
			"name": "cube_outline",
			"from": [4.5, 6.2, 9.9],
			"to": [2.8, 2.8, 8.5],
			"rotation": {"angle": 0, "axis": "y", "origin": [3, 3, 7.7]},
			"faces": {
				"north": {"uv": [0.29167, 13, 1, 14.5], "rotation": 180, "texture": "#1"},
				"east": {"uv": [0.5, 16, 1, 14.5], "rotation": 180, "texture": "#1"},
				"south": {"uv": [0, 13, 0.70833, 14.5], "rotation": 180, "texture": "#1"},
				"west": {"uv": [2.5, 13, 3, 14.5], "rotation": 180, "texture": "#1"},
				"up": {"uv": [1, 14, 0.29167, 14.5], "rotation": 180, "texture": "#1"},
				"down": {"uv": [1, 14.5, 0.29167, 14], "rotation": 180, "texture": "#1"}
			}
		},
		{
			"name": "cube_outline",
			"from": [13.2, 6.2, 9.9],
			"to": [11.5, 2.8, 8.5],
			"rotation": {"angle": 0, "axis": "y", "origin": [11, 3, 7.7]},
			"faces": {
				"north": {"uv": [0, 13, 0.70833, 14.5], "rotation": 180, "texture": "#1"},
				"east": {"uv": [2, 16, 2.5, 14.5], "rotation": 180, "texture": "#1"},
				"south": {"uv": [0.29167, 13, 1, 14.5], "rotation": 180, "texture": "#1"},
				"west": {"uv": [0, 16, 0.5, 14.5], "rotation": 180, "texture": "#1"},
				"up": {"uv": [0.70833, 14, 0, 14.5], "rotation": 180, "texture": "#1"},
				"down": {"uv": [0.70833, 14.5, 0, 14], "rotation": 180, "texture": "#1"}
			}
		},
		{
			"name": "cube_outline",
			"from": [1.8, 6.2, 8.5],
			"to": [2.8, 3.8, 9.9],
			"rotation": {"angle": 0, "axis": "y", "origin": [2, 3, 7.7]},
			"faces": {
				"north": {"uv": [1, 14, 1.5, 15], "rotation": 180, "texture": "#1"},
				"east": {"uv": [1.5, 15.5, 2, 16], "rotation": 180, "texture": "#1"},
				"south": {"uv": [1, 13.5, 1.5, 13.5], "rotation": 180, "texture": "#1"},
				"west": {"uv": [1, 14, 1.5, 15], "rotation": 180, "texture": "#1"},
				"up": {"uv": [1.5, 14.5, 1, 14], "rotation": 180, "texture": "#1"},
				"down": {"uv": [1.5, 13.5, 1, 14], "rotation": 180, "texture": "#1"}
			}
		},
		{
			"name": "cube_outline",
			"from": [13.2, 6.2, 8.5],
			"to": [14.2, 3.8, 9.9],
			"rotation": {"angle": 0, "axis": "y", "origin": [13.4, 3, 7.7]},
			"faces": {
				"north": {"uv": [1, 14, 1.5, 15], "rotation": 180, "texture": "#1"},
				"east": {"uv": [1.5, 14.5, 2, 15], "rotation": 180, "texture": "#1"},
				"south": {"uv": [1, 13.5, 1.5, 13.5], "rotation": 180, "texture": "#1"},
				"west": {"uv": [1, 15, 1.5, 16], "rotation": 180, "texture": "#1"},
				"up": {"uv": [1.5, 14.5, 1, 14], "rotation": 180, "texture": "#1"},
				"down": {"uv": [1.5, 13.5, 1, 14], "rotation": 180, "texture": "#1"}
			}
		},
		{
			"name": "feet_outline",
			"from": [10.2, 2.2, 10.65],
			"to": [5.8, -0.2, 7.85],
			"rotation": {"angle": 0, "axis": "y", "origin": [5, -5, 6.25]},
			"faces": {
				"north": {"uv": [0, 13.5, 2, 14.5], "rotation": 180, "texture": "#1"},
				"east": {"uv": [0.5, 13.5, 1.5, 14.5], "rotation": 90, "texture": "#1"},
				"south": {"uv": [0, 13.5, 2, 14.5], "rotation": 180, "texture": "#1"},
				"west": {"uv": [0.5, 13.5, 1.5, 14.5], "rotation": 90, "texture": "#1"},
				"up": {"uv": [1, 13.5, 0.5, 14.5], "rotation": 180, "texture": "#1"},
				"down": {"uv": [1, 14.5, 0.5, 13.5], "rotation": 180, "texture": "#1"}
			}
		},
		{
			"name": "body_outline",
			"from": [11.2, 3.4, 11.45],
			"to": [9.9, 1.8, 7.05],
			"rotation": {"angle": 0, "axis": "y", "origin": [5, -2, 6.25]},
			"faces": {
				"north": {"uv": [0, 13.79412, 0.40625, 14.5], "rotation": 180, "texture": "#1"},
				"east": {"uv": [2, 13.79412, 3, 14.5], "rotation": 180, "texture": "#1"},
				"south": {"uv": [1.59375, 13.79412, 2, 14.5], "rotation": 180, "texture": "#1"},
				"west": {"uv": [0, 13.79412, 1, 14.5], "rotation": 180, "texture": "#1"},
				"up": {"uv": [0.40625, 13, 0, 15], "rotation": 180, "texture": "#1"},
				"down": {"uv": [0.40625, 15, 0, 13], "rotation": 180, "texture": "#1"}
			}
		},
		{
			"name": "body_outline",
			"from": [6.1, 3.4, 11.45],
			"to": [4.8, 1.8, 7.05],
			"rotation": {"angle": 0, "axis": "y", "origin": [5, -2, 6.25]},
			"faces": {
				"north": {"uv": [1.59375, 13.79412, 2, 14.5], "rotation": 180, "texture": "#1"},
				"east": {"uv": [0, 13.79412, 1, 14.5], "rotation": 180, "texture": "#1"},
				"south": {"uv": [0, 13.79412, 0.40625, 14.5], "rotation": 180, "texture": "#1"},
				"west": {"uv": [2.5, 13.79412, 3.5, 14.5], "rotation": 180, "texture": "#1"},
				"up": {"uv": [2, 13, 1.59375, 15], "rotation": 180, "texture": "#1"},
				"down": {"uv": [2, 15, 1.59375, 13], "rotation": 180, "texture": "#1"}
			}
		},
		{
			"name": "head_outline",
			"from": [4.8, 12.2, 6.05],
			"to": [11.2, 7.2, 7.25],
			"light_emission": 10,
			"rotation": {"angle": 0, "axis": "y", "origin": [5, 5, 6.25]},
			"faces": {
				"north": {"uv": [0, 13.98649, 2, 15], "texture": "#1"},
				"east": {"uv": [0, 13.98649, 2, 15], "texture": "#1"},
				"south": {"uv": [2, 13.97297, 5, 16], "texture": "#1"},
				"west": {"uv": [0, 13.98649, 2, 15], "texture": "#1"},
				"up": {"uv": [4, 13.5, 2, 13], "texture": "#1"},
				"down": {"uv": [0, 13.5, 2, 13], "texture": "#1"}
			}
		},
		{
			"name": "head_outline",
			"from": [4.8, 12.2, 11.25],
			"to": [11.2, 4.8, 12.45],
			"rotation": {"angle": 0, "axis": "y", "origin": [5, 5, 11.45]},
			"faces": {
				"north": {"uv": [2, 13, 5, 16], "texture": "#1"},
				"east": {"uv": [0, 13.5, 2, 15], "texture": "#1"},
				"south": {"uv": [0, 13.5, 2, 15], "texture": "#1"},
				"west": {"uv": [0, 13.5, 2, 15], "texture": "#1"},
				"up": {"uv": [0, 13.5, 2, 13], "texture": "#1"},
				"down": {"uv": [0, 13.5, 2, 13], "texture": "#1"}
			}
		},
		{
			"name": "head_outline",
			"from": [4.8, 12.2, 7.25],
			"to": [11.2, 4.8, 11.45],
			"rotation": {"angle": 0, "axis": "y", "origin": [5, 5, 7.45]},
			"faces": {
				"north": {"uv": [2, 13, 5, 16], "texture": "#1"},
				"east": {"uv": [0, 13.5, 2, 15], "texture": "#1"},
				"south": {"uv": [2, 13, 5, 16], "texture": "#1"},
				"west": {"uv": [0, 13.5, 2, 15], "texture": "#1"},
				"up": {"uv": [5, 16, 2, 14], "texture": "#1"},
				"down": {"uv": [0, 13.5, 2, 13], "texture": "#1"}
			}
		},
		{
			"name": "body_outline_outline",
			"from": [11.2, 4.8, 11.45],
			"to": [4.8, 1.8, 11.25],
			"rotation": {"angle": 0, "axis": "y", "origin": [5, -2, 10.45]},
			"faces": {
				"north": {"uv": [0, 13, 2, 13.5], "texture": "#1"},
				"east": {"uv": [2, 13, 0, 14.5], "texture": "#1"},
				"south": {"uv": [2, 14, 5, 16], "texture": "#1"},
				"west": {"uv": [0, 13, 2, 14.5], "texture": "#1"},
				"up": {"uv": [0, 13.5, 2, 15], "texture": "#1"},
				"down": {"uv": [2, 13, 5, 16], "texture": "#1"}
			}
		},
		{
			"name": "cube_outline",
			"from": [4.5, 6.2, 9.9],
			"to": [2.8, 2.8, 8.5],
			"rotation": {"angle": 0, "axis": "y", "origin": [3, 3, 7.7]},
			"faces": {
				"north": {"uv": [0.29167, 13, 1, 14.5], "rotation": 180, "texture": "#1"},
				"east": {"uv": [0.5, 16, 1, 14.5], "rotation": 180, "texture": "#1"},
				"south": {"uv": [0, 13, 0.70833, 14.5], "rotation": 180, "texture": "#1"},
				"west": {"uv": [2.5, 13, 3, 14.5], "rotation": 180, "texture": "#1"},
				"up": {"uv": [1, 14, 0.29167, 14.5], "rotation": 180, "texture": "#1"},
				"down": {"uv": [1, 14.5, 0.29167, 14], "rotation": 180, "texture": "#1"}
			}
		},
		{
			"name": "cube_outline",
			"from": [13.2, 6.2, 9.9],
			"to": [11.5, 2.8, 8.5],
			"rotation": {"angle": 0, "axis": "y", "origin": [11, 3, 7.7]},
			"faces": {
				"north": {"uv": [0, 13, 0.70833, 14.5], "rotation": 180, "texture": "#1"},
				"east": {"uv": [2, 16, 2.5, 14.5], "rotation": 180, "texture": "#1"},
				"south": {"uv": [0.29167, 13, 1, 14.5], "rotation": 180, "texture": "#1"},
				"west": {"uv": [0, 16, 0.5, 14.5], "rotation": 180, "texture": "#1"},
				"up": {"uv": [0.70833, 14, 0, 14.5], "rotation": 180, "texture": "#1"},
				"down": {"uv": [0.70833, 14.5, 0, 14], "rotation": 180, "texture": "#1"}
			}
		},
		{
			"name": "cube_outline",
			"from": [1.8, 6.2, 8.5],
			"to": [2.8, 3.8, 9.9],
			"rotation": {"angle": 0, "axis": "y", "origin": [2, 3, 7.7]},
			"faces": {
				"north": {"uv": [1, 14, 1.5, 15], "rotation": 180, "texture": "#1"},
				"east": {"uv": [1.5, 15.5, 2, 16], "rotation": 180, "texture": "#1"},
				"south": {"uv": [1, 13.5, 1.5, 13.5], "rotation": 180, "texture": "#1"},
				"west": {"uv": [1, 14, 1.5, 15], "rotation": 180, "texture": "#1"},
				"up": {"uv": [1.5, 14.5, 1, 14], "rotation": 180, "texture": "#1"},
				"down": {"uv": [1.5, 13.5, 1, 14], "rotation": 180, "texture": "#1"}
			}
		},
		{
			"name": "cube_outline",
			"from": [13.2, 6.2, 8.5],
			"to": [14.2, 3.8, 9.9],
			"rotation": {"angle": 0, "axis": "y", "origin": [13.4, 3, 7.7]},
			"faces": {
				"north": {"uv": [1, 14, 1.5, 15], "rotation": 180, "texture": "#1"},
				"east": {"uv": [1.5, 14.5, 2, 15], "rotation": 180, "texture": "#1"},
				"south": {"uv": [1, 13.5, 1.5, 13.5], "rotation": 180, "texture": "#1"},
				"west": {"uv": [1, 15, 1.5, 16], "rotation": 180, "texture": "#1"},
				"up": {"uv": [1.5, 14.5, 1, 14], "rotation": 180, "texture": "#1"},
				"down": {"uv": [1.5, 13.5, 1, 14], "rotation": 180, "texture": "#1"}
			}
		},
		{
			"name": "feet_outline",
			"from": [10.2, 2.2, 10.65],
			"to": [5.8, -0.2, 7.85],
			"rotation": {"angle": 0, "axis": "y", "origin": [5, -5, 6.25]},
			"faces": {
				"north": {"uv": [0, 13.5, 2, 14.5], "rotation": 180, "texture": "#1"},
				"east": {"uv": [0.5, 13.5, 1.5, 14.5], "rotation": 90, "texture": "#1"},
				"south": {"uv": [0, 13.5, 2, 14.5], "rotation": 180, "texture": "#1"},
				"west": {"uv": [0.5, 13.5, 1.5, 14.5], "rotation": 90, "texture": "#1"},
				"up": {"uv": [1, 13.5, 0.5, 14.5], "rotation": 180, "texture": "#1"},
				"down": {"uv": [1, 14.5, 0.5, 13.5], "rotation": 180, "texture": "#1"}
			}
		},
		{
			"name": "body_outline",
			"from": [11.2, 3.4, 11.45],
			"to": [9.9, 1.8, 7.05],
			"rotation": {"angle": 0, "axis": "y", "origin": [5, -2, 6.25]},
			"faces": {
				"north": {"uv": [0, 13.79412, 0.40625, 14.5], "rotation": 180, "texture": "#1"},
				"east": {"uv": [2, 13.79412, 3, 14.5], "rotation": 180, "texture": "#1"},
				"south": {"uv": [1.59375, 13.79412, 2, 14.5], "rotation": 180, "texture": "#1"},
				"west": {"uv": [0, 13.79412, 1, 14.5], "rotation": 180, "texture": "#1"},
				"up": {"uv": [0.40625, 13, 0, 15], "rotation": 180, "texture": "#1"},
				"down": {"uv": [0.40625, 15, 0, 13], "rotation": 180, "texture": "#1"}
			}
		},
		{
			"name": "body_outline",
			"from": [6.1, 3.4, 11.45],
			"to": [4.8, 1.8, 7.05],
			"rotation": {"angle": 0, "axis": "y", "origin": [5, -2, 6.25]},
			"faces": {
				"north": {"uv": [1.59375, 13.79412, 2, 14.5], "rotation": 180, "texture": "#1"},
				"east": {"uv": [0, 13.79412, 1, 14.5], "rotation": 180, "texture": "#1"},
				"south": {"uv": [0, 13.79412, 0.40625, 14.5], "rotation": 180, "texture": "#1"},
				"west": {"uv": [2.5, 13.79412, 3.5, 14.5], "rotation": 180, "texture": "#1"},
				"up": {"uv": [2, 13, 1.59375, 15], "rotation": 180, "texture": "#1"},
				"down": {"uv": [2, 15, 1.59375, 13], "rotation": 180, "texture": "#1"}
			}
		}
	],
	"display": {
		"thirdperson_righthand": {
			"rotation": [0, 90, 0],
			"translation": [-2, 1.75, 1.25],
			"scale": [0.46, 0.46, 0.46]
		},
		"thirdperson_lefthand": {
			"rotation": [0, 90, 0],
			"translation": [-2, 1.75, 1.25],
			"scale": [0.46, 0.46, 0.46]
		},
		"firstperson_righthand": {
			"rotation": [-179.45, 57.25, -179.93],
			"translation": [-3.25, 5.75, 4.5],
			"scale": [0.31, 0.37, 0.31]
		},
		"firstperson_lefthand": {
			"rotation": [-179.45, 57.25, -179.93],
			"translation": [-3.25, 5.75, 4.5],
			"scale": [0.31, 0.37, 0.31]
		}
	},
	"groups": [
		{
			"name": "body",
			"origin": [13, 3, 7.7],
			"color": 0,
			"children": [0, 1, 2, 3, 4, 5, 6, 7]
		},
		{
			"name": "outline",
			"origin": [5, -5, 6.25],
			"color": 0,
			"children": [
				8,
				9,
				10,
				11,
				12,
				13,
				14,
				15,
				16,
				17,
				18,
				{
					"name": "outline",
					"origin": [5, -5, 6.25],
					"color": 0,
					"children": [19, 20, 21, 22, 23, 24, 25, 26, 27, 28, 29]
				},
				{
					"name": "outline",
					"origin": [5, -5, 6.25],
					"color": 0,
					"children": [30, 31, 32, 33, 34, 35, 36, 37, 38, 39, 40]
				}
			]
		}
	]
}