{
	"format_version": "1.21.6",
	"credit": "Made with Blockbench",
	"texture_size": [32, 32],
	"textures": {
		"1": "item/llama_spawn_egg_hand"
	},
	"elements": [
		{
			"name": "egg",
			"from": [5, 0, 5],
			"to": [11, 8, 11],
			"light_emission": 7,
			"rotation": {"angle": 0, "axis": "y", "origin": [5, 0, 5]},
			"faces": {
				"north": {"uv": [0, 0, 3, 4], "texture": "#1"},
				"east": {"uv": [3, 0, 6, 4], "texture": "#1"},
				"south": {"uv": [0, 4, 3, 8], "texture": "#1"},
				"west": {"uv": [6, 0, 3, 4], "texture": "#1"},
				"up": {"uv": [6, 7, 3, 4], "texture": "#1"},
				"down": {"uv": [9, 0, 6, 3], "texture": "#1"}
			}
		},
		{
			"from": [6, 1, 3],
			"to": [10, 4, 5],
			"rotation": {"angle": 0, "axis": "y", "origin": [6, 1, 3]},
			"faces": {
				"north": {"uv": [6, 3, 8, 4.5], "texture": "#1"},
				"east": {"uv": [7, 7, 8, 8.5], "texture": "#1"},
				"south": {"uv": [6, 4.5, 8, 6], "texture": "#1"},
				"west": {"uv": [0, 8, 1, 9.5], "texture": "#1"},
				"up": {"uv": [8, 7, 6, 6], "texture": "#1"},
				"down": {"uv": [5, 7, 3, 8], "texture": "#1"}
			}
		},
		{
			"from": [5, 8, 7],
			"to": [7, 11, 9],
			"rotation": {"angle": 0, "axis": "y", "origin": [5, 9, 7]},
			"faces": {
				"north": {"uv": [5, 7, 6, 8.5], "texture": "#1"},
				"east": {"uv": [1, 8, 1.5, 9.5], "texture": "#1"},
				"south": {"uv": [6, 7, 7, 8.5], "texture": "#1"},
				"west": {"uv": [1.5, 8, 2, 9.5], "texture": "#1"},
				"up": {"uv": [3, 8.5, 2, 8], "texture": "#1"},
				"down": {"uv": [4, 8, 3, 8.5], "texture": "#1"}
			}
		},
		{
			"from": [9, 8, 7],
			"to": [11, 11, 9],
			"rotation": {"angle": 0, "axis": "y", "origin": [11, 9, 7]},
			"faces": {
				"north": {"uv": [6, 7, 5, 8.5], "texture": "#1"},
				"east": {"uv": [2, 8, 1.5, 9.5], "texture": "#1"},
				"south": {"uv": [7, 7, 6, 8.5], "texture": "#1"},
				"west": {"uv": [1.5, 8, 1, 9.5], "texture": "#1"},
				"up": {"uv": [2, 8.5, 3, 8], "texture": "#1"},
				"down": {"uv": [3, 8, 4, 8.5], "texture": "#1"}
			}
		},
		{
			"from": [4.8, -0.2, 6],
			"to": [11.2, 8.2, 10],
			"rotation": {"angle": 0, "axis": "y", "origin": [5, 0, 7]},
			"faces": {
				"north": {"uv": [8, 5.5, 11.2, 9.6], "texture": "#1"},
				"east": {"uv": [11.5, 0, 13.5, 4.5], "texture": "#1"},
				"south": {"uv": [8, 5.5, 11.2, 9.6], "texture": "#1"},
				"west": {"uv": [11.5, 0, 13.5, 4.5], "texture": "#1"},
				"up": {"uv": [8, 3, 11, 5], "texture": "#1"},
				"down": {"uv": [8, 5.5, 11, 7.5], "texture": "#1"}
			}
		},
		{
			"name": "cube_outline",
			"from": [11.2, 8.2, 10],
			"to": [4.8, -0.2, 6],
			"rotation": {"angle": 0, "axis": "y", "origin": [5, 0, 7]},
			"faces": {
				"north": {"uv": [8, 5.5, 11.2, 9.6], "rotation": 180, "texture": "#1"},
				"east": {"uv": [11.5, 0, 13.5, 4.5], "rotation": 180, "texture": "#1"},
				"south": {"uv": [8, 5.5, 11.2, 9.6], "rotation": 180, "texture": "#1"},
				"west": {"uv": [11.5, 0, 13.5, 4.5], "rotation": 180, "texture": "#1"},
				"up": {"uv": [8, 5.5, 11, 7.5], "rotation": 180, "texture": "#1"},
				"down": {"uv": [8, 3, 11, 5], "rotation": 180, "texture": "#1"}
			}
		}
	],
	"display": {
		"thirdperson_righthand": {
			"rotation": [0, 90, 0],
			"translation": [0, 4.95, 1.5],
			"scale": [0.62, 0.62, 0.62]
		},
		"thirdperson_lefthand": {
			"rotation": [0, 90, 0],
			"translation": [0, 4.95, 1.5],
			"scale": [0.62, 0.62, 0.62]
		},
		"firstperson_righthand": {
			"rotation": [0.73, 114, -0.13],
			"translation": [-3.5, 6.5, 5],
			"scale": [0.31, 0.34, 0.31]
		},
		"firstperson_lefthand": {
			"rotation": [0.73, 114, -0.13],
			"translation": [-3.5, 6.75, 5],
			"scale": [0.31, 0.35, 0.31]
		}
	}
}