{
	"format_version": "1.21.6",
	"credit": "Made with Blockbench",
	"texture_size": [32, 32],
	"textures": {
		"0": "item/witch_spawn_egg_hand",
		"particle": "item/witch_spawn_egg_hand"
	},
	"elements": [
		{
			"name": "egg",
			"from": [5, 0, 5],
			"to": [11, 7, 11],
			"rotation": {"angle": 0, "axis": "y", "origin": [5, 0, 5]},
			"faces": {
				"north": {"uv": [0, 0.5, 3, 4], "texture": "#0"},
				"east": {"uv": [3, 0.5, 6, 4], "texture": "#0"},
				"south": {"uv": [0, 4.5, 3, 8], "texture": "#0"},
				"west": {"uv": [3, 4.5, 6, 8], "texture": "#0"},
				"up": {"uv": [9, 3, 6, 0], "texture": "#0"},
				"down": {"uv": [9, 3, 6, 6], "texture": "#0"}
			}
		},
		{
			"from": [7, 0, 3.5],
			"to": [9, 4, 5.5],
			"rotation": {"angle": 0, "axis": "y", "origin": [7, 0, 3.5]},
			"faces": {
				"north": {"uv": [6, 6, 7, 8], "texture": "#0"},
				"east": {"uv": [7, 6, 8, 8], "texture": "#0"},
				"south": {"uv": [1, 8, 2, 10], "texture": "#0"},
				"west": {"uv": [1, 8, 2, 10], "texture": "#0"},
				"up": {"uv": [3, 9, 2, 8], "texture": "#0"},
				"down": {"uv": [4, 8, 3, 9], "texture": "#0"}
			}
		},
		{
			"from": [5.5, 4, 4.875],
			"to": [10.5, 5, 4.875],
			"rotation": {"angle": 0, "axis": "z", "origin": [8, 4.5, 4.875]},
			"faces": {
				"north": {"uv": [4, 8, 6.5, 8.5], "texture": "#0"},
				"east": {"uv": [0, 0, 0, 0.5], "texture": "#0"},
				"south": {"uv": [4, 8, 6.5, 8.5], "texture": "#0"},
				"west": {"uv": [0, 0, 0, 0.5], "texture": "#0"},
				"up": {"uv": [4, 8, 6.5, 8], "texture": "#0"},
				"down": {"uv": [4, 8, 6.5, 8], "texture": "#0"}
			}
		},
		{
			"from": [4.9, -0.2, 4.9],
			"to": [11.1, 1.8, 11.1],
			"rotation": {"angle": 0, "axis": "y", "origin": [5, -0.2, 5]},
			"faces": {
				"north": {"uv": [9, 0, 12, 1], "texture": "#0"},
				"east": {"uv": [12, 0, 15, 1], "texture": "#0"},
				"south": {"uv": [12, 0, 15, 1], "texture": "#0"},
				"west": {"uv": [12, 0, 15, 1], "texture": "#0"},
				"up": {"uv": [15, 0, 16, 0.1], "texture": "#0"},
				"down": {"uv": [9, 1, 12, 4], "texture": "#0"}
			}
		},
		{
			"from": [4, 6.6, 4],
			"to": [12, 7.6, 12],
			"rotation": {"angle": -5, "axis": "z", "origin": [8, 7.1, 8]},
			"faces": {
				"north": {"uv": [12, 5, 16, 5.5], "texture": "#0"},
				"east": {"uv": [12, 5, 16, 5.5], "texture": "#0"},
				"south": {"uv": [12, 5, 16, 5.5], "texture": "#0"},
				"west": {"uv": [12, 5, 16, 5.5], "texture": "#0"},
				"up": {"uv": [12, 1, 16, 5], "texture": "#0"},
				"down": {"uv": [12, 1, 16, 5], "texture": "#0"}
			}
		},
		{
			"from": [5.5, 7.3, 5.5],
			"to": [10.5, 10.3, 10.5],
			"rotation": {"angle": 7.5, "axis": "x", "origin": [9, 7.3, 5]},
			"faces": {
				"north": {"uv": [13.5, 5.5, 16, 7], "texture": "#0"},
				"east": {"uv": [13.5, 5.5, 16, 7], "texture": "#0"},
				"south": {"uv": [13.5, 5.5, 16, 7], "texture": "#0"},
				"west": {"uv": [13.5, 5.5, 16, 7], "texture": "#0"},
				"up": {"uv": [11, 5.5, 13.5, 8], "texture": "#0"},
				"down": {"uv": [11, 5.5, 13.5, 8], "texture": "#0"}
			}
		},
		{
			"from": [7, 7.9, 5.45],
			"to": [9, 9.9, 5.45],
			"rotation": {"angle": 7.5, "axis": "x", "origin": [7.5, 7.9, 4.95]},
			"faces": {
				"north": {"uv": [10, 4, 9, 5], "texture": "#0"},
				"east": {"uv": [16, 8, 16, 9.5], "texture": "#0"},
				"south": {"uv": [9, 4, 10, 5], "texture": "#0"},
				"west": {"uv": [16, 8, 16, 9.5], "texture": "#0"},
				"up": {"uv": [9, 4, 10, 5], "texture": "#0"},
				"down": {"uv": [9, 4, 10, 5], "texture": "#0"}
			}
		},
		{
			"from": [7, 10.2, 7.3],
			"to": [9, 12.2, 9.3],
			"rotation": {"angle": 7.5, "axis": "x", "origin": [8.5, 10.2, 5.8]},
			"faces": {
				"north": {"uv": [10, 4, 11, 5], "texture": "#0"},
				"east": {"uv": [10, 4, 11, 5], "texture": "#0"},
				"south": {"uv": [10, 4, 11, 5], "texture": "#0"},
				"west": {"uv": [10, 4, 11, 5], "texture": "#0"},
				"up": {"uv": [11, 4, 12, 5], "texture": "#0"},
				"down": {"uv": [10, 4, 11, 5], "texture": "#0"}
			}
		},
		{
			"name": "cube_outline",
			"from": [11.1, 1.8, 11.1],
			"to": [4.9, -0.2, 4.9],
			"rotation": {"angle": 0, "axis": "y", "origin": [5, -0.2, 5]},
			"faces": {
				"north": {"uv": [12, 0, 15, 1], "rotation": 180, "texture": "#0"},
				"east": {"uv": [12, 0, 15, 1], "rotation": 180, "texture": "#0"},
				"south": {"uv": [9, 0, 12, 1], "rotation": 180, "texture": "#0"},
				"west": {"uv": [12, 0, 15, 1], "rotation": 180, "texture": "#0"},
				"up": {"uv": [9, 4, 12, 1], "rotation": 180, "texture": "#0"},
				"down": {"uv": [15, 0, 16, 0.1], "rotation": 180, "texture": "#0"}
			}
		}
	],
	"display": {
		"thirdperson_righthand": {
			"rotation": [0, 90, 0],
			"translation": [0, 4.95, 1.5],
			"scale": [0.62, 0.62, 0.62]
		},
		"thirdperson_lefthand": {
			"rotation": [0, 90, 0],
			"translation": [0, 4.95, 1.5],
			"scale": [0.62, 0.62, 0.62]
		},
		"firstperson_righthand": {
			"rotation": [0.73, 114, -0.13],
			"translation": [-3.5, 6.75, 5],
			"scale": [0.31, 0.35, 0.31]
		},
		"firstperson_lefthand": {
			"rotation": [0.73, 114, -0.13],
			"translation": [-3.5, 6.75, 5],
			"scale": [0.31, 0.35, 0.31]
		}
	}
}