{
	"format_version": "1.21.6",
	"credit": "Made with Blockbench",
	"textures": {
		"0": "item/writable_book_hand",
		"1": "item/feather_book",
		"particle": "item/writable_book_hand"
	},
	"elements": [
		{
			"name": "quil",
			"from": [9.97074, 6.05, -4.88478],
			"to": [17.97074, 6.05, 7.11522],
			"light_emission": 15,
			"rotation": {"angle": 22.5, "axis": "z", "origin": [13.97074, 6.05, 1.11522]},
			"faces": {
				"north": {"uv": [0, 0, 8, 0], "rotation": 180, "texture": "#1"},
				"east": {"uv": [0, 0, 12, 0], "rotation": 180, "texture": "#1"},
				"south": {"uv": [0, 0, 8, 0], "rotation": 180, "texture": "#1"},
				"west": {"uv": [0, 0, 12, 0], "rotation": 180, "texture": "#1"},
				"up": {"uv": [8, 0, 0, 12], "rotation": 180, "texture": "#1"},
				"down": {"uv": [8, 12, 0, 0], "rotation": 180, "texture": "#1"}
			}
		},
		{
			"from": [-1.55, 2.5, 1.5],
			"to": [7.45, 3, 14.5],
			"rotation": {"angle": -22.5, "axis": "z", "origin": [2.45, 2.75, 8]},
			"faces": {
				"north": {"uv": [10, 4, 14.5, 4.5], "rotation": 180, "texture": "#0"},
				"east": {"uv": [9, 3.5, 15.5, 4], "rotation": 180, "texture": "#0"},
				"south": {"uv": [10, 4.5, 14.5, 5], "rotation": 180, "texture": "#0"},
				"west": {"uv": [9, 3.5, 15.5, 4], "rotation": 180, "texture": "#0"},
				"up": {"uv": [4.5, 6.5, 9, 0], "rotation": 180, "texture": "#0"},
				"down": {"uv": [4.5, 6.5, 0, 0], "rotation": 180, "texture": "#0"}
			}
		},
		{
			"from": [8.55, 2.5, 1.5],
			"to": [17.55, 3, 14.5],
			"rotation": {"angle": 22.5, "axis": "z", "origin": [13.55, 2.75, 8]},
			"faces": {
				"north": {"uv": [14.5, 4, 10, 4.5], "rotation": 180, "texture": "#0"},
				"east": {"uv": [15.5, 3.5, 9, 4], "rotation": 180, "texture": "#0"},
				"south": {"uv": [14.5, 4.5, 10, 5], "rotation": 180, "texture": "#0"},
				"west": {"uv": [15.5, 3.5, 9, 4], "rotation": 180, "texture": "#0"},
				"up": {"uv": [9, 6.5, 4.5, 0], "rotation": 180, "texture": "#0"},
				"down": {"uv": [9, 6.5, 4.5, 0], "rotation": 180, "texture": "#0"}
			}
		},
		{
			"from": [6.45, 0, 1.4],
			"to": [9.45, 1, 14.6],
			"rotation": {"angle": 0, "axis": "z", "origin": [7.95, 0.5, 8]},
			"faces": {
				"north": {"uv": [9, 4, 9.5, 5.5], "rotation": 270, "texture": "#0"},
				"east": {"uv": [9.5, 10.5, 9, 4], "rotation": 90, "texture": "#0"},
				"south": {"uv": [9, 4, 9.5, 5.5], "rotation": 90, "texture": "#0"},
				"west": {"uv": [9.5, 4, 9, 10.5], "rotation": 90, "texture": "#0"},
				"up": {"uv": [9, 0, 15.5, 1.5], "rotation": 90, "texture": "#0"},
				"down": {"uv": [9, 0, 15.5, 1.5], "rotation": 90, "texture": "#0"}
			}
		},
		{
			"from": [7.55, 4.4, 2],
			"to": [16.55, 5.4, 14],
			"rotation": {"angle": 22.5, "axis": "z", "origin": [17.15, 3.9, 12.5]},
			"faces": {
				"north": {"uv": [9, 3, 13.5, 3.5], "texture": "#0"},
				"east": {"uv": [15, 2, 9, 2.5], "texture": "#0"},
				"south": {"uv": [13.5, 3, 9, 3.5], "texture": "#0"},
				"west": {"uv": [15, 2, 9, 2.5], "texture": "#0"},
				"up": {"uv": [0, 12.5, 4.5, 6.5], "texture": "#0"},
				"down": {"uv": [4.5, 6.5, 9, 12.5], "texture": "#0"}
			}
		},
		{
			"from": [-0.35, 4.4, 2],
			"to": [8.45, 5.4, 14],
			"rotation": {"angle": -22.5, "axis": "z", "origin": [-1.15, 3.9, 12.5]},
			"faces": {
				"north": {"uv": [13.5, 3, 9, 3.5], "texture": "#0"},
				"east": {"uv": [9, 2, 15, 2.5], "texture": "#0"},
				"south": {"uv": [9, 3, 13.5, 3.5], "texture": "#0"},
				"west": {"uv": [9, 2, 15, 2.5], "texture": "#0"},
				"up": {"uv": [4.5, 12.5, 0, 6.5], "texture": "#0"},
				"down": {"uv": [9, 6.5, 4.5, 12.5], "texture": "#0"}
			}
		}
	],
	"display": {
		"thirdperson_righthand": {
			"rotation": [90, 0, 0],
			"translation": [0.25, 2.75, 3.5],
			"scale": [0.55, 0.55, 0.55]
		},
		"thirdperson_lefthand": {
			"rotation": [90, 0, 0],
			"translation": [0.25, 2.75, 3.5],
			"scale": [0.55, 0.55, 0.55]
		},
		"firstperson_righthand": {
			"rotation": [77.48, -2.07, 10.34],
			"translation": [-2.75, 3.25, 4],
			"scale": [0.41, 0.47, 0.4]
		},
		"firstperson_lefthand": {
			"rotation": [77.48, -2.07, 10.34],
			"translation": [-2.75, 3.25, 4],
			"scale": [0.41, 0.47, 0.4]
		}
	},
	"groups": [
		0,
		{
			"name": "book base",
			"origin": [4.75, 0, 12.5],
			"color": 0,
			"children": [1, 2, 3, 4, 5]
		}
	]
}